-- Full database migration from local to remote
-- Generated: 02/20/2026 16:45:22

PRAGMA foreign_keys = OFF;

-- Clear existing data (reverse order for foreign keys)
DELETE FROM bookings;
DELETE FROM classroom_equipment;
DELETE FROM classrooms;
DELETE FROM equipment;
DELETE FROM room_groups;
DELETE FROM holidays;
DELETE FROM disabled_periods;
DELETE FROM time_slots;
DELETE FROM sessions;
DELETE FROM timetable_weeks;
DELETE FROM users;
DELETE FROM departments;
DELETE FROM school_info;
DELETE FROM password_reset_attempts;


-- Inserting 14 rows into departments
INSERT INTO departments ([id], [name], [created_at]) VALUES
  (1, 'Bahagian Akademik', '2026-02-16 04:43:54'),
  (2, 'Bahagian Hal Ehwal Pelatih', '2026-02-16 04:44:01'),
  (3, 'Bahagian Pengurusan', '2026-02-16 04:44:07'),
  (4, 'Program Fisioterapi', '2026-02-16 04:44:13'),
  (5, 'Program Kejururawatan', '2026-02-16 04:44:19'),
  (6, 'Program Lanjutan', '2026-02-16 04:44:26'),
  (7, 'Program Pengimejan Perubatan', '2026-02-16 04:44:33'),
  (8, 'Program Pengkhususan', '2026-02-16 04:44:39'),
  (9, 'Program Sains Perubatan Asas', '2026-02-16 04:44:46'),
  (10, 'Program Sains Perubatan dan Kesihatan', '2026-02-16 04:44:52'),
  (11, 'Program Terapi Cara Kerja', '2026-02-16 04:44:58'),
  (12, 'Unit Penilaian & Kualiti', '2026-02-16 04:45:05'),
  (13, 'Unit Peperiksaan', '2026-02-16 04:45:13'),
  (14, 'Department Makanan', '2026-02-16 04:45:18');

-- Inserting 181 rows into users
INSERT INTO users ([id], [username], [email], [password_hash], [full_name], [role], [department_id], [last_login], [reset_token], [token_expiry], [created_at], [updated_at], [must_change_password]) VALUES
  (1, 'admin', 'admin@eclassroom.com', '$2b$10$dFWZyAd9TdJ9xLPc6NSViePwvVZ1ut.b8x/k1XhdebFeFye1YT/ES', 'Administrator', 'admin', NULL, '2026-02-20 08:03:21', NULL, NULL, '2026-02-12 01:59:36', '2026-02-12 01:59:36', 0),
  (9, 'Asyraaf', 'asyraafbinsamson@gmail.com', '$2b$10$xFvJwNUcLkxFCbh5tncWJeb68U/NQ/AyqbZeEDEWS5TVJj9ktePgC', '', 'user', NULL, '2026-02-16 03:55:08', NULL, NULL, '2026-02-13 07:24:49', '2026-02-13 08:09:55', 0),
  (11, 'haikal', 'manfdvcl9@gmail.com', '$2b$10$G9dX4S16xvdU4l1jFtgCSeO3JFBl9p24P3qFCqvkRWuUGIqcjlPUa', '', 'admin', NULL, '2026-02-13 07:59:56', NULL, NULL, '2026-02-13 07:57:16', '2026-02-13 07:59:08', 0),
  (190, 'Abdullah', 'abdullaho@ilkkm.edu.my', '$2b$10$Jd23XH8tvwVCs3KqL4ZBdupaOTIjMt1YbDLVhtTD9RlRXFkaAjGyO', 'Abdullah O', 'user', NULL, NULL, NULL, NULL, '2026-02-20 07:29:52', '2026-02-20 07:29:52', 0),
  (191, 'Afiq', 'muhammad.afiq@ilkkm.edu.my', '$2b$10$ndXV1YIuCXxbDUzAPUKMl.tBqwZ.TbrquYTJ3Vl6g91ywXk0j4yCi', 'MUHAMMAD AFIQ JAMAL', 'user', NULL, NULL, NULL, NULL, '2026-02-20 07:29:53', '2026-02-20 07:29:53', 0),
  (192, 'Ahila', 'Ahila@ilkkm.edu.my', '$2b$10$bxHq9tMl9U/4MwUSEt4mdOJAvxpPtcWoYhCpOBwlkmY/DAs.r9fVe', 'AHILA  A/P PALANISAMY', 'user', NULL, NULL, NULL, NULL, '2026-02-20 07:29:53', '2026-02-20 07:29:53', 0),
  (193, 'Aida', 'aida@ilkkm.edu.my', '$2b$10$6B0ygL6wQRRmn6k5NMza7e4hhcuQxiiQnTilnNDFuI9fuKzfED6Ty', 'AIDA JAMALUDDIN', 'user', NULL, NULL, NULL, NULL, '2026-02-20 07:29:53', '2026-02-20 07:29:53', 0),
  (194, 'Ainatul', 'ainatul@ilkkm.edu.my', '$2b$10$BFkQ/j4ooB1skQvaGB25le9bUoBCZ9GXf6S10SlEukOcYSv3xpzE6', 'AINATUL BASRIYAH', 'user', NULL, NULL, NULL, NULL, '2026-02-20 07:29:53', '2026-02-20 07:29:53', 0),
  (195, 'Aishahabdullah', 'noraishah.abdullah@ilkkm.edu.my', '$2b$10$Nkz3OzNAjz9NZbhc/KU5H.9VWOGORM9vk8GvUC5QjURkdNvYgujI6', 'NOR AISHAH ABDULLAH', 'user', NULL, NULL, NULL, NULL, '2026-02-20 07:29:53', '2026-02-20 07:29:53', 0),
  (196, 'Aizzad', 'aizzad.helmi@ilkkm.edu.my', '$2b$10$DTidrehY.CpFz8j8adFI2OirwC5HmCaOTZAT3FL38rJVAoX1nilOe', 'AIZZAD HELMI BIN NOORDIN', 'admin', NULL, NULL, NULL, NULL, '2026-02-20 07:29:53', '2026-02-20 07:29:53', 0),
  (197, 'Alice', 'Alice@ilkkm.edu.my', '$2b$10$PErO7BY6nzYboivjjWzZh.TjKs5oaUALrMnkCO/qZ8U92p9JU2jWS', 'ALICE DEMI', 'user', NULL, NULL, NULL, NULL, '2026-02-20 07:29:53', '2026-02-20 07:29:53', 0),
  (198, 'Amirul', 'Amirul@ilkkm.edu.my', '$2b$10$CDXQdqh2L7fuGzXabMVNBe1tCXzC86X/xuiCUiHSqvzsM/i4yABgy', 'MUHAMMAD AMIRUL AFIQ', 'user', NULL, NULL, NULL, NULL, '2026-02-20 07:29:53', '2026-02-20 07:29:53', 0),
  (199, 'Anita', 'Anita@ilkkm.edu.my', '$2b$10$wj1dN09Y5JA0F2u0MzyUMOtOQAqSvlZGEXUG3TYp6C72zqrn5/kzq', 'NOR ANITA', 'user', NULL, NULL, NULL, NULL, '2026-02-20 07:29:53', '2026-02-20 07:29:53', 0),
  (200, 'Arbain', 'Arbain@ilkkm.edu.my', '$2b$10$IHyHWyV6q1oiMTXxsrasR.VPcb8tOOLFHb4.LqgJ8Ei6REGjoErwK', 'MOHD ARBAIN KUSNAN', 'user', NULL, NULL, NULL, NULL, '2026-02-20 07:29:53', '2026-02-20 07:29:53', 0),
  (201, 'Areeb', 'Areeb@ilkkm.edu.my', '$2b$10$oOrlPCYCbZtA4CVi3FYlneGRSSS/602akfCCsk52rrXGk08eQ2ANK', 'AHMAD AREEB AB RAHMAN', 'user', NULL, NULL, NULL, NULL, '2026-02-20 07:29:54', '2026-02-20 07:29:54', 0),
  (202, 'Arifin', 'arifin.j@ilkkm.edu.my', '$2b$10$RF1oxyn5GVV8c8/pgayLieCFVe3zjUtObxdVlkRCjcqNZUOZjS5Fy', 'ARIFIN JUNIOR', 'user', NULL, NULL, NULL, NULL, '2026-02-20 07:29:54', '2026-02-20 07:29:54', 0),
  (203, 'Aris', 'arisisa@ilkkm.edu.my', '$2b$10$O7kZurUuB/xZ0sV8CTbWhuYX19cDHhib4YJSsyenwbuCy/HlRNM8i', 'ARIS BIN MD ISA', 'user', NULL, NULL, NULL, NULL, '2026-02-20 07:29:54', '2026-02-20 07:29:54', 0),
  (204, 'Asiqqin', 'asiqqin.yahaya@ilkkm.edu.my', '$2b$10$LcI8X7YvzUg5C1FVAyVg9usFv6OjCPutm507C59eVPawhVi.RMTJS', 'SHAHDATUL ASIQQIN YAHAYA', 'user', NULL, NULL, NULL, NULL, '2026-02-20 07:29:54', '2026-02-20 07:29:54', 0),
  (205, 'Atikah', 'nurulatikah@ilkkm.edu.my', '$2b$10$Xh4Us7uXq9NXrkcmb0KtL.w0zQsbo7gJd5TLthqwm5WurqBD/30w6', 'NURULATIKAH BINTI MOHD YASEEN', 'admin', NULL, NULL, NULL, NULL, '2026-02-20 07:29:54', '2026-02-20 07:29:54', 0),
  (206, 'Azebah', 'norazebah@ilkkm.edu.my', '$2b$10$NUBJ8WzNhn2tcyzB01i/YunnBn1fYIK8qYmcLcX2TsQuGVpCKVL02', 'NORAZEBAH HAMIDON', 'user', NULL, NULL, NULL, NULL, '2026-02-20 07:29:54', '2026-02-20 07:29:54', 0),
  (207, 'Azhari', 'azhari.kesot@ilkkm.edu.my', '$2b$10$E6pH3ficriY4J5ooagrT.OYXyYADzT7XFaSzFtrxnPMRstR6rJ5sC', 'MOHAMMAD AZHARI KESOT', 'admin', NULL, NULL, NULL, NULL, '2026-02-20 07:29:54', '2026-02-20 07:29:54', 0),
  (208, 'azizul', 'azizul.mj@ilkkm.edu.my', '$2b$10$cY9.H7lRtnfmIA9ZxFBln.CSuPlsr/JaYZZ0qZMaf2EeJxx.5Zsb2', 'AZIZUL BIN MOHD JAMUN', 'user', NULL, NULL, NULL, NULL, '2026-02-20 07:29:54', '2026-02-20 07:29:54', 0),
  (209, 'Azlina', 'Azlina@ilkkm.edu.my', '$2b$10$uNLjBxAEh.i4nQIEV9DINuqV2dubvME3HEFEUT/pfIxKqnEvmAj3W', 'SITI AZLINA  ABU HASHIM', 'user', NULL, NULL, NULL, NULL, '2026-02-20 07:29:54', '2026-02-20 07:29:54', 0),
  (210, 'Azlinda', 'azlinda.abdullah@ilkkm.edu.my', '$2b$10$pkiKDV7zbncahTrMo89uTeqRA87uHaCbSZbBO98nq2ywoG/FYDHte', 'AZLINDA ABDULLAH', 'user', NULL, NULL, NULL, NULL, '2026-02-20 07:29:54', '2026-02-20 07:29:54', 0),
  (211, 'Azman', 'Azman@ilkkm.edu.my', '$2b$10$Q/22yZHSgXmXOE8F2a8QvudqtthTtMNQzPfot66VKOVAaurRnUILC', 'NOR AZMAN KASIMIN', 'user', NULL, NULL, NULL, NULL, '2026-02-20 07:29:55', '2026-02-20 07:29:55', 0),
  (212, 'Azmi', 'Azmi@ilkkm.edu.my', '$2b$10$96AuPlDLinogAB8jiOEkaeBh8baKdO1hhN5/U3I3k4WoKvEmxQElu', 'MOHAMAD NOR AZMI JAMAAH', 'user', NULL, NULL, NULL, NULL, '2026-02-20 07:29:55', '2026-02-20 07:29:55', 0),
  (213, 'Azmiah', 'Azmiah@ilkkm.edu.my', '$2b$10$25LSGgS0xloKpYjTT8dtku99MT6rPdJRjmCRShl9fDWYwq7yVoja6', 'NORAZMIAH ISHAK', 'user', NULL, NULL, NULL, NULL, '2026-02-20 07:29:55', '2026-02-20 07:29:55', 0),
  (214, 'Azmirol', 'Azmirol@ilkkm.edu.my', '$2b$10$331rDClw9bXD5tOVm9L8BueMk/I6xe7WfX1yDhDWBEiLfxYnidgw2', 'AZMIROL', 'user', NULL, NULL, NULL, NULL, '2026-02-20 07:29:55', '2026-02-20 07:29:55', 0),
  (215, 'Azura', 'Azura@ilkkm.edu.my', '$2b$10$DUJgfLcJSqCM1SDeo7jSmO0Zq9NUzE0ZSRlH16SR5ZUQBDequBjRu', 'NOR AZURA ABU BAKAR', 'user', NULL, NULL, NULL, NULL, '2026-02-20 07:29:55', '2026-02-20 07:29:55', 0),
  (216, 'Azwa', 'shahrul.azwa@ilkkm.edu.my', '$2b$10$ppWKZU9Xs9kH3hKIPhyy3O02yKmVnaYRRSxOcZKdFIeAjWB3Ih1HC', 'MOHD SHAHRUL AZWA BIN RAMLI', 'user', NULL, NULL, NULL, NULL, '2026-02-20 07:29:55', '2026-02-20 07:29:55', 0),
  (217, 'Borhanuddin', 'Borhanuddin@ilkkm.edu.my', '$2b$10$TiccAgcsmuV9/y8BaSmh9OtU2hxXuq4ywvrvLF/nNpG.7Ve1bh6jK', 'BORHANUDDIN', 'user', NULL, NULL, NULL, NULL, '2026-02-20 07:29:55', '2026-02-20 07:29:55', 0),
  (218, 'CiShalani', 'shalani@ilkkm.edu.my', '$2b$10$G/J4pqmFZJPnHiwFNpelB.xGV7piSuSyYy1Mh4cVGdA7dVmxLlKby', 'Shalani Krishnan Murtty', 'user', NULL, NULL, NULL, NULL, '2026-02-20 07:29:55', '2026-02-20 07:29:55', 0),
  (219, 'Dhamidah', 'Dhamidah@ilkkm.edu.my', '$2b$10$.K81KoxMYjTNL1GAdJw.UOdJZDYNeqnk6iwojnMbUaY7r.G.iFPmi', 'HAMIDAH DENAN', 'user', NULL, NULL, NULL, NULL, '2026-02-20 07:29:55', '2026-02-20 07:29:55', 0),
  (220, 'Edzawaty', 'Edzawaty@ilkkm.edu.my', '$2b$10$tAZ5IFw9XKQNvp/8XpXwEOW6TSK7rg.F7iT5U9hd3XRAef2K9N9T.', 'EDZAWATY JASMARY', 'user', NULL, NULL, NULL, NULL, '2026-02-20 07:29:55', '2026-02-20 07:29:55', 0),
  (221, 'Eiryandi', 'Eiryandi@ilkkm.edu.my', '$2b$10$teBFGTAPEl22fvaqPqZuu.TCqrdBsU0t2K94bkckHnks7p4Rqen6a', 'MOHD EIRYANDI DAUD', 'user', NULL, NULL, NULL, NULL, '2026-02-20 07:29:56', '2026-02-20 07:29:56', 0),
  (222, 'Eirzani', 'Eirzani@ilkkm.edu.my', '$2b$10$38GirXelHPTj2wovFYj2VeKj3j2PDEv6wUxbvETomGglOiYxiP6xu', 'EIRZANI OTHMAN', 'user', NULL, NULL, NULL, NULL, '2026-02-20 07:29:56', '2026-02-20 07:29:56', 0),
  (223, 'Elyna', 'Elyna@ilkkm.edu.my', '$2b$10$gTgI7OVObMou3XyZt0LgEeuc4eHudDRPLi70sn.xZ.CllX9LQv3dC', 'ELYNA SURIATE', 'user', NULL, NULL, NULL, NULL, '2026-02-20 07:29:56', '2026-02-20 07:29:56', 0),
  (224, 'Emy', 'emy@ilkkm.edu.my', '$2b$10$eXB4FAgJInekUFd5RJTxR.1mXGyfDMEvc4pPGoajXMMI6nUeFYv2W', 'EMY MARLINA AHMAD DAMANHURI', 'user', NULL, NULL, NULL, NULL, '2026-02-20 07:29:56', '2026-02-20 07:29:56', 0),
  (225, 'Erma', 'Erma@ilkkm.edu.my', '$2b$10$nsEnLey0qtabwaBgYI43fOrZvZRuzJVjNTJKssfa5UdwEF7Qp5RVu', 'NOR ERMALINA HANITA TAJUDIN', 'user', NULL, NULL, NULL, NULL, '2026-02-20 07:29:56', '2026-02-20 07:29:56', 0),
  (226, 'Ezatulfateha', 'ezatulfateha@ilkkm.edu.my', '$2b$10$0ksyTpKTwDSJwBIcOghfKem1A0Ciza3q9FvaEkrJZmKw8YeJGdMPy', 'EZATUL FATEHA  PADALILAH', 'user', NULL, NULL, NULL, NULL, '2026-02-20 07:29:56', '2026-02-20 07:29:56', 0),
  (227, 'Fadhli', 'fadhli@ilkkm.edu.my', '$2b$10$6zMBXTu95MbSkabdFL4v/eYP030OSt1whmtY8T3ibk0HN5V0IgH8S', 'MUHAMMAD FADHLI', 'user', NULL, NULL, NULL, NULL, '2026-02-20 07:29:56', '2026-02-20 07:29:56', 0),
  (228, 'fadillah', 'fadillah.mn@ilkkm.edu.my', '$2b$10$V.ITjLZ0q749paPVXuIVJOJhR4qGD1PeTCWgCG4Y5nOD6sPMKQ5JO', 'FADILLAH BINTI MOHD NOR', 'user', NULL, NULL, NULL, NULL, '2026-02-20 07:29:56', '2026-02-20 07:29:56', 0),
  (229, 'Faiz', 'Faiz@ilkkm.edu.my', '$2b$10$3M5uP5gwPT38hxj8aBxevOiQWlk1S8LB1YE4pjXPu8BS.5MeqcsR6', 'MOHD FAIZ ARIFFIN', 'user', NULL, NULL, NULL, NULL, '2026-02-20 07:29:56', '2026-02-20 07:29:56', 0),
  (230, 'Faizal', 'Faizal@ilkkm.edu.my', '$2b$10$4honrvExdCekD5WXq/DNkuqrvGHaFDiH3OjLZVEZ8rlbOhuf9snom', 'MOHD FAIZAL HAMID', 'user', NULL, NULL, NULL, NULL, '2026-02-20 07:29:56', '2026-02-20 07:29:56', 0),
  (231, 'Faradilla', 'Faradilla@ilkkm.edu.my', '$2b$10$ljJi530fq2lw43RUYRPI7eM9m1rJ2eWMAvgpZDGJFbhAh9hXrXEn6', 'FARADILLA OMAR', 'user', NULL, NULL, NULL, NULL, '2026-02-20 07:29:57', '2026-02-20 07:29:57', 0),
  (232, 'Faranazila', 'Faranazila@ilkkm.edu.my', '$2b$10$hDObQYNdyGQWuznubvmmR.NiZ.RL8/0j4bsAXqKH3Io20.xpNvKUm', 'FARANAZILA ZAZI', 'user', NULL, NULL, NULL, NULL, '2026-02-20 07:29:57', '2026-02-20 07:29:57', 0),
  (233, 'Farhan', 'nurfarhan.ismail@ilkkm.edu.my', '$2b$10$6xuE3JeLFEcrdbWNRqhhrOofaxYbEld0uH/GPdvrP3gDEvBpLAp22', 'NURFARHAN BIN ISMAIL', 'user', NULL, NULL, NULL, NULL, '2026-02-20 07:29:57', '2026-02-20 07:29:57', 0),
  (234, 'Faris', 'Faris@ilkkm.edu.my', '$2b$10$5d/oECynqkBsSZGW.CMa3OKR2wAIhJ47lnawZZd744DsSmH2ISE8i', 'MOHD FARIS', 'user', NULL, NULL, NULL, NULL, '2026-02-20 07:29:57', '2026-02-20 07:29:57', 0),
  (235, 'fatihah', 'nurulfatihah.aa@ilkkm.edu.my', '$2b$10$FnM6HH3jiLypCu/XpU0dnOHAyGUu9BCfG.eTpslE1yWz/w18TVfDK', 'NURUL FATIHAH BINTI ALI AKHBAR', 'user', NULL, NULL, NULL, NULL, '2026-02-20 07:29:57', '2026-02-20 07:29:57', 0),
  (236, 'Fatin', 'fatin.fadzliana@ilkkm.edu.my', '$2b$10$guUGgVW.twjH2hLaKbJs1e41V0G6UP/oAfcnZfFpYQRfaH5nKKHs6', 'FATIN FADZLIANA', 'user', NULL, NULL, NULL, NULL, '2026-02-20 07:29:57', '2026-02-20 07:29:57', 0),
  (237, 'Fauzee', 'Fauzee@ilkkm.edu.my', '$2b$10$lNndczWZVBkfgppcQPYELeklDJ5HtVSHfvBUg0n2Wme7.GOie0Qmi', 'MOHD FAUZEE', 'user', NULL, NULL, NULL, NULL, '2026-02-20 07:29:57', '2026-02-20 07:29:57', 0),
  (238, 'Fauziah', 'fauziah.ismail@ilkkm.edu.my', '$2b$10$/yGZ3bg.bMJEQCy2.dWz2.Q0F41lfY8OH6auGhLzaTk9ItHLQH8CS', 'FAUZIAH BINTI ISMAIL', 'user', NULL, NULL, NULL, NULL, '2026-02-20 07:29:57', '2026-02-20 07:29:57', 0),
  (239, 'Fazillah', 'Fazillah@ilkkm.edu.my', '$2b$10$5fLm8HQEdnIWBHsZKh2bQepPFrVqdSXsQDrhcvPzBVnQTuspDRN6q', 'FAZILLAH', 'user', NULL, NULL, NULL, NULL, '2026-02-20 07:29:57', '2026-02-20 07:29:57', 0),
  (240, 'fazimah', 'fazimahahmad@ilkkm.edu.my', '$2b$10$oh/o8HFIipOcDMPfyJtcnOMpFC7NolobODoE2r4Z1rr8QDarQ4Bce', 'FAZIMAH BINTI AHMAD', 'user', NULL, NULL, NULL, NULL, '2026-02-20 07:29:58', '2026-02-20 07:29:58', 0),
  (241, 'Fazrina', 'Fazrina@ilkkm.edu.my', '$2b$10$s2E2XmtAg3DEW5u7heL7XOj8i/p87iR8cHXQfK78KU2B1czeIYQnC', 'NURUL FAZRINA AHMAD', 'user', NULL, NULL, NULL, NULL, '2026-02-20 07:29:58', '2026-02-20 07:29:58', 0),
  (242, 'Feriza', 'nadia.feriza@ilkkm.edu.my', '$2b$10$tvYXUoJ01De.ZO./cVyYA.rirBn/jTAWDBnohEkYFhj8hwaoNFcs.', 'NADIA FERIZA AJMAL', 'user', NULL, NULL, NULL, NULL, '2026-02-20 07:29:58', '2026-02-20 07:29:58', 0),
  (243, 'Firdaus', 'Firdaus@ilkkm.edu.my', '$2b$10$ILs7Y1Z7e0Jns1DvSrCh3e8UjcqCSBxUvX7Fm/AJCvNs2njMGyDKy', 'MOHD FIRDAUS', 'user', NULL, NULL, NULL, NULL, '2026-02-20 07:29:58', '2026-02-20 07:29:58', 0),
  (244, 'Gulam', 'Gulam@ilkkm.edu.my', '$2b$10$EKLXhbQPhi60iNkQMUQ0s.7HaIASyyWe3dwQ.KtATEEyYnsYBr12m', 'GULAM RASUL', 'user', NULL, NULL, NULL, NULL, '2026-02-20 07:29:58', '2026-02-20 07:29:58', 0),
  (245, 'Haireen', 'haireen@ilkkm.edu.my', '$2b$10$8878hmfZo.GIUe2n4xaHwOzjnCA145oS5umlq592YeCwu2woCsfU2', 'NORHAIREEN MOHAMED', 'user', NULL, NULL, NULL, NULL, '2026-02-20 07:29:58', '2026-02-20 07:29:58', 0),
  (246, 'Hairman', 'Hairman@ilkkm.edu.my', '$2b$10$FDETqnVuZk02BPpDPb4DTuLwewDAtBPh0drelFIsKBr36fTaMOhNO', 'HAIRMAN', 'user', NULL, NULL, NULL, NULL, '2026-02-20 07:29:58', '2026-02-20 07:29:58', 0),
  (247, 'Halimatul', 'halimatul@ilkkm.edu.my', '$2b$10$W8wdaY52oqIAOG3exuaPkeC1XThvtvOCR5a0616Z8GPQj2q95vWF.', 'HALIMATUL SAADIAH', 'user', NULL, NULL, NULL, NULL, '2026-02-20 07:29:58', '2026-02-20 07:29:58', 0),
  (248, 'Hamzah', 'Hamzah@ilkkm.edu.my', '$2b$10$OWvMOaJwhx4Ucf/9hLN0suPVDtX0zthoNWCaeSQ5gH/TRJJ2hlDIW', 'HAMZAH TUNOOR', 'user', NULL, NULL, NULL, NULL, '2026-02-20 07:29:58', '2026-02-20 07:29:58', 0),
  (249, 'Hani', 'hani.asilah@ilkkm.edu.my', '$2b$10$jRqvpAVlXD5by.GUelG.eelP3tOqV0he2jJvdsW77NwupFY1BNMKi', 'HANI ASILAH', 'user', NULL, NULL, NULL, NULL, '2026-02-20 07:29:58', '2026-02-20 07:29:58', 0),
  (250, 'Hanif', 'Hanif@ilkkm.edu.my', '$2b$10$1A1irpanoU6lqfEbH7tJ8ubGOewp0dRWKtLicJpBj2fvBLufHgkZm', 'MUHAMMAD HANIF', 'user', NULL, NULL, NULL, NULL, '2026-02-20 07:29:59', '2026-02-20 07:29:59', 0),
  (251, 'Hanim', 'hanim.hjsaim@ilkkm.edu.my', '$2b$10$bM1QllY7SSDd3kxAofkriebbKMcBXeGYvKNR.Du.VeDmfKQuUprlG', 'HANIM SAIM', 'user', NULL, NULL, NULL, NULL, '2026-02-20 07:29:59', '2026-02-20 07:29:59', 0),
  (252, 'Hartati', 'Hartati@ilkkm.edu.my', '$2b$10$w7k727avnxkvJb5KUZCDIuy/cw8sPKBUFp2fdatTK6rdwcJ1B1qmq', 'HARTATI ISAM', 'user', NULL, NULL, NULL, NULL, '2026-02-20 07:29:59', '2026-02-20 07:29:59', 0),
  (253, 'Hashim', 'Hashim@ilkkm.edu.my', '$2b$10$0wAL1y3lVgQVGFDS66wYAOsISho37Ls2CWd0t84BodS2NNcUL8NLW', 'MOHD HASHIM', 'user', NULL, NULL, NULL, NULL, '2026-02-20 07:29:59', '2026-02-20 07:29:59', 0),
  (254, 'Hasimah', 'Hasimah@ilkkm.edu.my', '$2b$10$J/8shNFIDlAxly5QFvFPs.2.Lqf2k9Kld7n1E8sMI9WTZOg.DiF3O', 'HASIMAH', 'user', NULL, NULL, NULL, NULL, '2026-02-20 07:29:59', '2026-02-20 07:29:59', 0),
  (255, 'Hasliana', 'Hasliana@ilkkm.edu.my', '$2b$10$r3e5mt8ZspSiUGISE66D..mAGdpMeVdMUCwbnlMzaZX9/jyJaVUaS', 'HASLIANA', 'user', NULL, NULL, NULL, NULL, '2026-02-20 07:29:59', '2026-02-20 07:29:59', 0),
  (256, 'Haslina', 'Haslina@ilkkm.edu.my', '$2b$10$X3tZKdzpTEKopT/Ihc4TwuNCvEPALqReNf2DeFZJws.3WxJ/cFwHO', 'HASLINA', 'user', NULL, NULL, NULL, NULL, '2026-02-20 07:29:59', '2026-02-20 07:29:59', 0),
  (257, 'Hayati', 'Hayati@ilkkm.edu.my', '$2b$10$t.nDb302ZrVeaMFNHN9GH.CX6Np032VKu67frLSDDSISS/H6Vzh66', 'NORHAYATI YUSOP', 'user', NULL, NULL, NULL, NULL, '2026-02-20 07:29:59', '2026-02-20 07:29:59', 0),
  (258, 'Hazeerah', 'nhazeerah@gmail.com', '$2b$10$vhet2hWSnKt7CVDXdqyoHuwnCqArGV9TC3uUEowoF2qKOjQVBZt.W', 'NURUL HAZEERAH BINTI KAMARU ZAMAN', 'user', NULL, NULL, NULL, NULL, '2026-02-20 07:29:59', '2026-02-20 07:29:59', 0),
  (259, 'Hidayah', 'Hidayah@ilkkm.edu.my', '$2b$10$vyaVvwShJm9AwIO8CUscSuzeMlVuCusjVHlsc1Cl9DD5Za8xkOmf6', 'NUR HIDAYAH', 'user', NULL, NULL, NULL, NULL, '2026-02-20 07:29:59', '2026-02-20 07:29:59', 0),
  (260, 'Husna', 'hasnurizanhusna@ilkkm.edu.my', '$2b$10$z6iWRjuCvgt9NAH8K0Pp1OWNhVi0KAZhmq./mj.MVIZwCDKA562I2', 'Hasnurizan Husna binti Lut', 'user', NULL, NULL, NULL, NULL, '2026-02-20 07:30:00', '2026-02-20 07:30:00', 0),
  (261, 'Ihamidah', 'hamidah.ishak@ilkkm.edu.my', '$2b$10$wt8d3bG9uDSu5EX2heaHXOEY1CjHUifgJVZFPjAPMtnMtHKJetCkm', 'HAMIDAH BINTI ISHAK', 'user', NULL, NULL, NULL, NULL, '2026-02-20 07:30:00', '2026-02-20 07:30:00', 0),
  (262, 'Irwan', 'irwan.ismail@ilkkm.edu.my', '$2b$10$Of9im2oc01KJL68OERPhiOTj.epFZezTSuaUARIVzPw1Hn1bsW2sK', 'MOHD IRWAN', 'user', NULL, NULL, NULL, NULL, '2026-02-20 07:30:00', '2026-02-20 07:30:00', 0),
  (263, 'Izzaki', 'iz.zaki@ilkkm.edu.my', '$2b$10$Lid8yPUD8eMRYmqD8U8PD.wVp.oB7o/dlTvaq5.i55PzZfUZ0yTvK', 'IZ MOHD ZAKI', 'user', NULL, NULL, NULL, NULL, '2026-02-20 07:30:00', '2026-02-20 07:30:00', 0),
  (264, 'Johan', 'Johan@ilkkm.edu.my', '$2b$10$w4szMXHKlASI/ax.fS5H3.cdow2Ug.SGDe9MzUwHurNxPuPUEB5AC', 'MOHD JOHAN HAN', 'user', NULL, NULL, NULL, NULL, '2026-02-20 07:30:00', '2026-02-20 07:30:00', 0),
  (265, 'Julaimi', 'Julaimi@ilkkm.edu.my', '$2b$10$E1AHKBTPX7O/4Rnew1y8uu2U4BtgjFHcOilzFtES2mzA215zWT.CC', 'JULAIMI', 'user', NULL, NULL, NULL, NULL, '2026-02-20 07:30:00', '2026-02-20 07:30:00', 0),
  (266, 'Juliana', 'Juliana@ilkkm.edu.my', '$2b$10$rJwdZ3/KuMLWfbE0E7owXuH5KHLPviTZw.ScmoSuaL9OkL7yf2eRu', 'JULIANA KAMALUDEEN', 'user', NULL, NULL, NULL, NULL, '2026-02-20 07:30:00', '2026-02-20 07:30:00', 0),
  (267, 'Junaidah', 'junaidah.aznan@ilkkm.edu.my', '$2b$10$jyqEXj/d64fGp/PxMO11G.Cu53kIYAUYoE8o59.p08rFG7AonN4AC', 'JUNAIDAH', 'user', NULL, NULL, NULL, NULL, '2026-02-20 07:30:00', '2026-02-20 07:30:00', 0),
  (268, 'Karim', 'abdulkarim@ilkkm.edu.my', '$2b$10$5CYsCcQWstF3Di2RnPYcKePjK6NtTu06oSGZK3OGumzRnh2OE87Gu', 'CHE ABDUL KARIM', 'user', NULL, NULL, NULL, NULL, '2026-02-20 07:30:00', '2026-02-20 07:30:00', 0),
  (269, 'Khairuddin', 'Khairuddin@ilkkm.edu.my', '$2b$10$1.OKTBqemdbLZ6xYSshyKevODLtAHiuUEOa2dS2vBY4OaXdtSFvdm', 'KHAIRUDDIN', 'user', NULL, NULL, NULL, NULL, '2026-02-20 07:30:00', '2026-02-20 07:30:00', 0),
  (270, 'Latipah', 'Latipah@ilkkm.edu.my', '$2b$10$LLzwkhWSKrDhIqLmIFZHueiKLifw/Hc1Oek0hS9WiKyZig8rBVU/6', 'LATIPAH', 'user', NULL, NULL, NULL, NULL, '2026-02-20 07:30:01', '2026-02-20 07:30:01', 0),
  (271, 'Liza', 'norliza.kadir@ilkkm.edu.my', '$2b$10$HZuXMxj./NiP3FKAgKehQesYAElOnjfLFCnlyeNIdYV3.uoZUF/2.', 'NORLIZA ABD KADIR', 'user', NULL, NULL, NULL, NULL, '2026-02-20 07:30:01', '2026-02-20 07:30:01', 0),
  (272, 'Lydwina', 'lydwina@ilkkm.edu.my', '$2b$10$aXePj0vsC6f4AUS81XvjqOT/5mzY3xht2FUKjMvyvB7KEJ/mqiNRy', 'Lydwina R Sikul', 'user', NULL, NULL, NULL, NULL, '2026-02-20 07:30:01', '2026-02-20 07:30:01', 0),
  (273, 'Malligai', 'Malligai@ilkkm.edu.my', '$2b$10$1z/TywjShMcwAy.QGPlwJ.vntnnH.dscJ.LaEUrcDaDIEOzAZsjA2', 'MALLIGAI', 'user', NULL, NULL, NULL, NULL, '2026-02-20 07:30:01', '2026-02-20 07:30:01', 0),
  (274, 'Maznah', 'maznah@ilkkm.edu.my', '$2b$10$t/3c0FtcSGNqdsn2oP1n0esBBNy3rVpnGATR9DXFxE7cnQwlz67Rq', 'MAZNAH BINTI A.RAHMAN', 'user', NULL, NULL, NULL, NULL, '2026-02-20 07:30:01', '2026-02-20 07:30:01', 0),
  (275, 'Melati', 'Melati@ilkkm.edu.my', '$2b$10$etOWqw4yAlxdqdZrybOQyOwlXiGUugPfBDCqxkp.AsNySuFZ6djdq', 'MELATI', 'user', NULL, NULL, NULL, NULL, '2026-02-20 07:30:01', '2026-02-20 07:30:01', 0),
  (276, 'Mona', 'Mona@ilkkm.edu.my', '$2b$10$nXjUbU/RHwGBxdHLehS.fe8b99AAayznFN0Jx7rCjse7g3EGGhKE6', 'MONA', 'user', NULL, NULL, NULL, NULL, '2026-02-20 07:30:01', '2026-02-20 07:30:01', 0),
  (277, 'Nabiilah', 'nabiila.masfuzah@ilkkm.edu.my', '$2b$10$5dymuoL0CmaUleXIqpGAuOl6SPOJrXXyVBFtaRzX8GL7jO03osSr.', 'NUR NABIILA MASFUZAH BINTI ABDULLAH', 'user', NULL, NULL, NULL, NULL, '2026-02-20 07:30:01', '2026-02-20 07:30:01', 0),
  (278, 'Nadia', 'Nadia@ilkkm.edu.my', '$2b$10$D8lZeYKFxjMNK/tFvdI72u2HgtOjtE7bwhtzH.ZVo5hJbivKsCGHC', 'NADIA KAMARUDIN', 'user', NULL, NULL, NULL, NULL, '2026-02-20 07:30:01', '2026-02-20 07:30:01', 0),
  (279, 'Nadiah', 'jnurulnadiah@ilkkm.edu.my', '$2b$10$7LmiPILwYt3Z0DaD5T0um.9ofo3JA6bmdCUCMQ25/KFH4IhsYYJFe', 'NURUL NADIAH MOHD SHA''ARI AZYZE', 'user', NULL, NULL, NULL, NULL, '2026-02-20 07:30:01', '2026-02-20 07:30:01', 0),
  (280, 'Nadiah.hanapiah', 'nurnadiahhanapiah@ilkkm.edu.my', '$2b$10$I1eyPHh25.XTvy4spoFZwOkE25RjbVPpSUlz1jlV8mnesn4HpkSDO', 'NURNADIAH BINTI HANAPIAH', 'user', NULL, NULL, NULL, NULL, '2026-02-20 07:30:02', '2026-02-20 07:30:02', 0),
  (281, 'Naim', 'Naim@ilkkm.edu.my', '$2b$10$qK7AzC23QqCYOkEcCK4gG.19/NhxvOcjqAXB44lX0Pgx1SYE0tjKe', 'MUHAMMAD NAIM', 'user', NULL, NULL, NULL, NULL, '2026-02-20 07:30:02', '2026-02-20 07:30:02', 0),
  (282, 'Nany', 'nany.haryati@ilkkm.edu.my', '$2b$10$ItQ1073Dz86qiqez0EULmOlzbGlblexruRyTe0Zc1odPzEVpWOvy.', 'NANY HARYATI', 'user', NULL, NULL, NULL, NULL, '2026-02-20 07:30:02', '2026-02-20 07:30:02', 0),
  (283, 'Nazatulsima', 'nazatulsima@ilkkm.edu.my', '$2b$10$CdzlHAN5r1SiSg/ROk09aue2j73zHsfXic7gNa50S0z09Ryqbqn2e', 'NAZATUL SIMA', 'user', NULL, NULL, NULL, NULL, '2026-02-20 07:30:02', '2026-02-20 07:30:02', 0),
  (284, 'Nazrul', 'Nazrul@ilkkm.edu.my', '$2b$10$Hr15rNb1fOJ/YzZvtw6E1.xY5mw6Ebu7WGO3deSWLNU7InETddSeS', 'NAZRUL ANUAR', 'user', NULL, NULL, NULL, NULL, '2026-02-20 07:30:02', '2026-02-20 07:30:02', 0),
  (285, 'Neni', 'neni.marhanim@ilkkm.edu.my', '$2b$10$5VE5GGST9noy8jV77qkAj.irHLz/UmSWaEf6jXGgw0LyIx9P3sIjK', 'NENI MARHANIM', 'user', NULL, NULL, NULL, NULL, '2026-02-20 07:30:02', '2026-02-20 07:30:02', 0),
  (286, 'Noorhaliza', 'noorhalizaali@ilkkm.edu.my', '$2b$10$Lqn6f2WXBGgYYbRWbC7VO.Gk46Y3hS49T2ZnTEM/3YIBEjobMJ4/6', 'NOORHALIZA ALI', 'user', NULL, NULL, NULL, NULL, '2026-02-20 07:30:02', '2026-02-20 07:30:02', 0);
INSERT INTO users ([id], [username], [email], [password_hash], [full_name], [role], [department_id], [last_login], [reset_token], [token_expiry], [created_at], [updated_at], [must_change_password]) VALUES
  (287, 'Noorhidayah', 'Noorhidayah@ilkkm.edu.my', '$2b$10$6jVv6z7RFa25qmJpl8zpi./4h8bxNe/glSkUh7Xby6B4zjE5Aotja', 'NOORHIDAYAH', 'user', NULL, NULL, NULL, NULL, '2026-02-20 07:30:02', '2026-02-20 07:30:02', 0),
  (288, 'Norakmar', 'Norakmar@ilkkm.edu.my', '$2b$10$tjajIaUBQgoRGSB/GgL12.VlgwAzggg8eDrqLRua/pe0/ueUKcO1C', 'NORAKMAR', 'user', NULL, NULL, NULL, NULL, '2026-02-20 07:30:02', '2026-02-20 07:30:02', 0),
  (289, 'Norazah', 'jnorazah@ilkkm.edu.my', '$2b$10$ws1tWuqDnPQtR1nCXxltM..O/ApxvSvVT6xjI9cgA9DhuLr9QcNGa', 'NORAZAH', 'user', NULL, NULL, NULL, NULL, '2026-02-20 07:30:02', '2026-02-20 07:30:02', 0),
  (290, 'Norhazila', 'Norhazila@ilkkm.edu.my', '$2b$10$fi2ifU.9IS11ZNMClNRZ9e4nUoca7CDy/fT2KVG1CLAPqQ7Sn5y9i', 'NORHAZILA HAMZAH', 'user', NULL, NULL, NULL, NULL, '2026-02-20 07:30:03', '2026-02-20 07:30:03', 0),
  (291, 'Norijah', 'norijah@ilkkm.edu.my', '$2b$10$yoWAbPwE6dDKtVIxh/bibuWlLjH8/EXvSj1f7ddpV/OWX4cbLVAqK', 'Norijah binti Md Noor', 'user', NULL, NULL, NULL, NULL, '2026-02-20 07:30:03', '2026-02-20 07:30:03', 0),
  (292, 'Norisah', 'Norisah@ilkkm.edu.my', '$2b$10$IEqgBB41R2MuMNuZSDnTGulFT4E4w0nesUhUopHIVHxVvTlMouQ/2', 'NORISAH', 'user', NULL, NULL, NULL, NULL, '2026-02-20 07:30:03', '2026-02-20 07:30:03', 0),
  (293, 'Norjana', 'Norjana@ilkkm.edu.my', '$2b$10$NZ1Z2XzlorZRWGq958WjTeNEtfWwWwyxSAFwIS977ZlJOR1yibn2u', 'NORJANA', 'user', NULL, NULL, NULL, NULL, '2026-02-20 07:30:03', '2026-02-20 07:30:03', 0),
  (294, 'Norlia', 'Norlia@ilkkm.edu.my', '$2b$10$czqM4.OYvN0dPwy6l1gEA.fG7mOq9h5SkMk/nnA2Ac.N8cpsHK6L6', 'NORLIA', 'user', NULL, NULL, NULL, NULL, '2026-02-20 07:30:03', '2026-02-20 07:30:03', 0),
  (295, 'Norliyana', 'Norliyana@ilkkm.edu.my', '$2b$10$QNTBFTvb7eAnYkRYxkndI.ydhC4kooK4AQUHQ2kYSVDKwwbb7b60O', 'NORLIYANA', 'user', NULL, NULL, NULL, NULL, '2026-02-20 07:30:03', '2026-02-20 07:30:03', 0),
  (296, 'Norliza', 'Norliza@ilkkm.edu.my', '$2b$10$KSft5tZ5.9znzh8KHPlee.sU0n1EXAKW0KffISMW86mZ2K2IXt/vO', 'NORLIZA', 'user', NULL, NULL, NULL, NULL, '2026-02-20 07:30:03', '2026-02-20 07:30:03', 0),
  (297, 'norlizah', 'norlizah@ilkkm.edu.my', '$2b$10$Y1Ma3ELVwp7CCoH/hg9qneC2W7rjI2Mi9Pa67//xmSK2oWK8Ekuqi', 'NORLIZAH BINTI MAT NOH', 'user', NULL, NULL, NULL, NULL, '2026-02-20 07:30:03', '2026-02-20 07:30:03', 0),
  (298, 'Norul', 'Norul@ilkkm.edu.my', '$2b$10$JhOL8rjDc3jRMsKwkTxVqu3HI0y3KegJjp1gw8knn3FKccGzFWlWi', 'NORULHUDA', 'user', NULL, NULL, NULL, NULL, '2026-02-20 07:30:03', '2026-02-20 07:30:03', 0),
  (299, 'Nouril', 'nouril@ilkkm.edu.my', '$2b$10$0jHtpKpeaKI7bLvVj00wF.nvwf/v2BkGvkpKjxb/Uy3BiA1rKMx72', 'NOURIL AUMIL KHAIRAH', 'user', NULL, NULL, NULL, NULL, '2026-02-20 07:30:04', '2026-02-20 07:30:04', 0),
  (300, 'Nurfaradilla', 'Nurfaradilla@ilkkm.edu.my', '$2b$10$NCE2KllNaf62UU9.iVaR1.bdoa65270.SJ7LFarP2FiQ.pGtG5jX.', 'NUR FARADILLA', 'user', NULL, NULL, NULL, NULL, '2026-02-20 07:30:04', '2026-02-20 07:30:04', 0),
  (301, 'Nurhayah', 'Nurhayah@ilkkm.edu.my', '$2b$10$oiA8NcKLGkCXgEItNwLeFOjVXvchj78fhTny03qWmMS1z8WMxb6v6', 'NURHAYAH', 'user', NULL, NULL, NULL, NULL, '2026-02-20 07:30:04', '2026-02-20 07:30:04', 0),
  (302, 'Nurliana', 'nurliana.arifin@ilkkm.edu.my', '$2b$10$qdyHX4mn9BdBH/oeBbuXv.UBYHJ6lh5pScH1CvsutclC.z9.TzMly', 'Nurliana Binti Arifin', 'user', NULL, NULL, NULL, NULL, '2026-02-20 07:30:04', '2026-02-20 07:30:04', 0),
  (303, 'Nursuraya', 'Nursuraya@ilkkm.edu.my', '$2b$10$xCxq1janTZET7TivoK5rHOO4j7e7mEEbEnpx.Z81dSk.CqRnLY.I6', 'NURSURAYA', 'user', NULL, NULL, NULL, NULL, '2026-02-20 07:30:04', '2026-02-20 07:30:04', 0),
  (304, 'Nurul', 'nadiaasri@ilkkm.edu.my', '$2b$10$b6uIgFsmqqXYPfIgHgk/TOhgi4AL.RVH/hxY5/DEoyTD1lRpFafsS', 'NURUL NADIA ASRI', 'user', NULL, NULL, NULL, NULL, '2026-02-20 07:30:04', '2026-02-20 07:30:04', 0),
  (305, 'Punitha', 's_punitha@ilkkm.edu.my', '$2b$10$AFGYEyo7KVtURq0dZvD7EeUQycU5Bht7cwYp/A1EAr1bo74EDrnr6', 'PUNITHA', 'user', NULL, NULL, NULL, NULL, '2026-02-20 07:30:04', '2026-02-20 07:30:04', 0),
  (306, 'Rabiatul', 'Rabiatul@ilkkm.edu.my', '$2b$10$YvOMSVGO0c9vf4fOL0LnMeyv1u6QQDU4lvrNvgnhOWssunCAWnmKG', 'RABI''ATUL ''ADAWIAH', 'user', NULL, NULL, NULL, NULL, '2026-02-20 07:30:04', '2026-02-20 07:30:04', 0),
  (307, 'Radzi', 'Radzi@ilkkm.edu.my', '$2b$10$xkv/G3dbuVMww8YB1AqZz.HpIYncAJ/cucuIGIpUW.oEI2sDprZzG', 'FAKHRADZI', 'user', NULL, NULL, NULL, NULL, '2026-02-20 07:30:04', '2026-02-20 07:30:04', 0),
  (308, 'Rahimah', 'Rahimah@ilkkm.edu.my', '$2b$10$iT4sD0gh0.U/OXaWxMqhL.UNrmiQso3ovZYzDH5u9LJDkJheuE2kC', 'RAHIMAH', 'user', NULL, NULL, NULL, NULL, '2026-02-20 07:30:04', '2026-02-20 07:30:04', 0),
  (309, 'Raihana', 'Raihana@ilkkm.edu.my', '$2b$10$OyvD.aEmrZSwIyIHG9dpx.bjerUO/yfLBEqnf.ktR4M6x0m2BnUDK', 'NUR RAIHANA', 'user', NULL, NULL, NULL, NULL, '2026-02-20 07:30:05', '2026-02-20 07:30:05', 0),
  (310, 'Ramadiah', 'Ramadiah@ilkkm.edu.my', '$2b$10$egvk518QoiscLdOoIR3CQOIBmlnTRCz265c7AZb1kf4ioF3FW2gCG', 'RAMADIAH', 'user', NULL, NULL, NULL, NULL, '2026-02-20 07:30:05', '2026-02-20 07:30:05', 0),
  (311, 'Rani', 'Rani@ilkkm.edu.my', '$2b$10$qE5f76zq4wXHxM5iLbwgKucw3GDY.4lzjBuzVrlb.pKxKUwWSnxN6', 'MOHD RANI', 'user', NULL, NULL, NULL, NULL, '2026-02-20 07:30:05', '2026-02-20 07:30:05', 0),
  (312, 'Robani', 'Robani@ilkkm.edu.my', '$2b$10$1NWVCdzXqHU2G6lbKv1qnOiqF.Io8Q.YIeRC9u8PEvdxj57SRKpU.', 'ROBANI', 'user', NULL, NULL, NULL, NULL, '2026-02-20 07:30:05', '2026-02-20 07:30:05', 0),
  (313, 'Rodziah', 'siti.rodziah@ilkk.m.edu.my', '$2b$10$CWiR4hh7/eRjzs3r3AnreuUuSOjetnVPecHuMR.vbP.KzALSJIKke', 'SITI RODZIAH BINTI KAMARON', 'user', NULL, NULL, NULL, NULL, '2026-02-20 07:30:05', '2026-02-20 07:30:05', 0),
  (314, 'Rohaidah', 'Rohaidah@ilkkm.edu.my', '$2b$10$4mlQFImjE.iseFlc2vMLr.zOZTcYXZEBEWKnqDLf20WIHUzTOZo4K', 'ROHAIDAH', 'user', NULL, NULL, NULL, NULL, '2026-02-20 07:30:05', '2026-02-20 07:30:05', 0),
  (315, 'Rohani', 'Rohani@ilkkm.edu.my', '$2b$10$vR94Vbe6Z./N1bKJKbBwPOfOI5f8w8vUYBKOz8544PnzCBoN9x05q', 'ROHANI', 'user', NULL, NULL, NULL, NULL, '2026-02-20 07:30:05', '2026-02-20 07:30:05', 0),
  (316, 'Rosalee', 'Rosalee@ilkkm.edu.my', '$2b$10$JUbTINqUxvnMuN2QuhSqYevEtnaw4w2mSo.m/hnQ0iLec3DOkX0Cm', 'ROSALEE', 'user', NULL, NULL, NULL, NULL, '2026-02-20 07:30:05', '2026-02-20 07:30:05', 0),
  (317, 'Ruzaini', 'Ruzaini@ilkkm.edu.my', '$2b$10$26/wesMF9Bou7ggQIUe2..WUtVpgYAIc.wyYMk2emofYCRAhTQAdu', 'RUZAINI', 'user', NULL, NULL, NULL, NULL, '2026-02-20 07:30:05', '2026-02-20 07:30:05', 0),
  (318, 'Ruzana', 'Ruzana@ilkkm.edu.my', '$2b$10$Hhb/.VelMrBcIQNXJ3g/MuRBVAWQm1P0IQi8yCRKWzGNRaKMm6NUq', 'RUZANA', 'user', NULL, NULL, NULL, NULL, '2026-02-20 07:30:06', '2026-02-20 07:30:06', 0),
  (319, 'Saadah', 'Saadah@ilkkm.edu.my', '$2b$10$BRP4QBKJkOSoWZDlb2Q6muO5H5dcGJwDGKjvwavXHFMkPhLM2a0q2', 'NURUS SA''ADAH', 'user', NULL, NULL, NULL, NULL, '2026-02-20 07:30:06', '2026-02-20 07:30:06', 0),
  (320, 'Saadiah', 'Saadiah@ilkkm.edu.my', '$2b$10$0VBCRdEDP08oswqlPxlZX..x2ZCckXb.FL6FsofAkhKIwm7zCqZ3a', 'SAADIAHTUL AKMAL', 'user', NULL, NULL, NULL, NULL, '2026-02-20 07:30:06', '2026-02-20 07:30:06', 0),
  (321, 'Saharudin', 'Saharudin@ilkkm.edu.my', '$2b$10$h0hU/virvriqTmr4m/ORWuR8bX8NoYv4Z2avshyqr2tMysvpVYfRK', 'SAHARUDIN', 'user', NULL, NULL, NULL, NULL, '2026-02-20 07:30:06', '2026-02-20 07:30:06', 0),
  (322, 'Saiful', 'saiful.islam@ilkkm.edu.my', '$2b$10$g8dUHj.2P5i86h3SdEWMC.gdwfveYnMCgn/piD.eHRn/fuEPbPu6q', 'SAIFUL ISLAM PUAL', 'user', NULL, NULL, NULL, NULL, '2026-02-20 07:30:06', '2026-02-20 07:30:06', 0),
  (323, 'Santha', 'Santha@ilkkm.edu.my', '$2b$10$oUT/rlkcBeTn3fXS2AEDL.lP2GoRCip8wvOk8T9PXq4W2UE4Nsv2K', 'SANTHA KUMARI', 'user', NULL, NULL, NULL, NULL, '2026-02-20 07:30:06', '2026-02-20 07:30:06', 0),
  (324, 'Sara', 'saranoraza@ilkkm.edu.my', '$2b$10$3lHzfWJ4dNUwQwVIyhckKukOLZgjJDLqPNtIlT1AJA5Z5pbAEcA4S', 'SARA NORAZA BINTI SELAMAT', 'user', NULL, NULL, NULL, NULL, '2026-02-20 07:30:06', '2026-02-20 07:30:06', 0),
  (325, 'Saras', 'Saras@ilkkm.edu.my', '$2b$10$Zfj3XUlfBCMPRUSJkWMgHOE2Makn113H43Zq.kCvo7yUYaNJXPnH6', 'SARASWATHY', 'user', NULL, NULL, NULL, NULL, '2026-02-20 07:30:06', '2026-02-20 07:30:06', 0),
  (326, 'Sarinah', 'Sarinah@ilkkm.edu.my', '$2b$10$yKNfoeW0XG3CWZwxeHOl4ecWpcQpfYwcMES44TRZelibTznf6eegS', 'SARINAH', 'user', NULL, NULL, NULL, NULL, '2026-02-20 07:30:06', '2026-02-20 07:30:06', 0),
  (327, 'Shafie', 'mshafie.ramli@ilkkm.edu.my', '$2b$10$gFVPvbOM9T/jAtgL5x0k/OApupJrT3aM66Un/ALgfHxRsQE2vg45G', 'MOHD SHAFIE', 'user', NULL, NULL, NULL, NULL, '2026-02-20 07:30:06', '2026-02-20 07:30:06', 0),
  (328, 'Shaharudin', 'Shaharudin@ilkkm.edu.my', '$2b$10$/Jp.IRM27Vqc51SuLnimk.K1LqLpMxNWBJKc1rB06nRqML/n3QWhC', 'SHAHARUDIN', 'user', NULL, NULL, NULL, NULL, '2026-02-20 07:30:07', '2026-02-20 07:30:07', 0),
  (329, 'Shahid', 'mohamad.hahid@ilkkm.edu.my', '$2b$10$38c1ZZnOb5J4inhwsYULl.OHViDFyD6L/v.BVwBi68VCPAOsgeijC', 'MOHAMAD SHAHID BIN JAFFAR', 'user', NULL, NULL, NULL, NULL, '2026-02-20 07:30:07', '2026-02-20 07:30:07', 0),
  (330, 'Shahirah', 'shahirah@ilkkm.edu.my', '$2b$10$mCHT2jLq5Ly3lKP.d89/6.RJkF2TmzOEfO/3ZhdAQGgZb5PFH7PZK', 'SHAHIRAH', 'user', NULL, NULL, NULL, NULL, '2026-02-20 07:30:07', '2026-02-20 07:30:07', 0),
  (331, 'Shahril', 'Shahril@ilkkm.edu.my', '$2b$10$o9KnBmtQQ6w4scIVJreAnOcwUO1x93CBQ97qKwDhWtJTR.SvPHfu6', 'MUHAMAD SHAHRIL', 'user', NULL, NULL, NULL, NULL, '2026-02-20 07:30:07', '2026-02-20 07:30:07', 0),
  (332, 'Shahrool', 'Shahrool@ilkkm.edu.my', '$2b$10$GIhbyiT5ItMdFuwTZDIi/ezemMue5HjvGWwzDKZV4cdFV669RnZc.', 'SHAHROOL SHAH', 'user', NULL, NULL, NULL, NULL, '2026-02-20 07:30:07', '2026-02-20 07:30:07', 0),
  (333, 'Shaliza', 'Shaliza@ilkkm.edu.my', '$2b$10$p2TcHb8XlyMG0NY26TbDL.yO14dF7uK7hUy1VkoERhjaa/QRT1olq', 'SHALIZA', 'user', NULL, NULL, NULL, NULL, '2026-02-20 07:30:07', '2026-02-20 07:30:07', 0),
  (334, 'Shara', 'Sharanoor@ilkkm.edu.my', '$2b$10$sLMMY7I5p6eZj1DiEb80pONwFdV..UvfLlbJBmrzGADWQ9Tx90qWq', 'SHARIFFAH SHARANOOR', 'user', NULL, NULL, NULL, NULL, '2026-02-20 07:30:07', '2026-02-20 07:30:07', 0),
  (335, 'Shereen', 'Shereen@ilkkm.edu.my', '$2b$10$p/NjEb1bRtk1jE9Spqm1o.JAiVBpv6L/1eJ/W7gyGK92PExsW4d5O', 'SITI FARATUSHEREEN', 'user', NULL, NULL, NULL, NULL, '2026-02-20 07:30:07', '2026-02-20 07:30:07', 0),
  (336, 'Shikin', 'sh.norashikin@ilkkm.edu.my', '$2b$10$uyI36/QluytI.uhrDlVQGe4w.jQOVGJQAo9R9NnZ.0UZoroxphM0q', 'SHARIFAH NOOR ASHIKIN', 'user', NULL, NULL, NULL, NULL, '2026-02-20 07:30:07', '2026-02-20 07:30:07', 0),
  (337, 'Siti', 'jsitinoraishah@ilkkm.edu.my', '$2b$10$6w9YzHO9mOAylwQS.ZWUF.CdHI3JQ3suU4lDB8Tw9zD3e8NvBv7JO', 'SITI NORAISHAH YUSOF', 'user', NULL, NULL, NULL, NULL, '2026-02-20 07:30:07', '2026-02-20 07:30:07', 0),
  (338, 'Siti Nur''Ain', 'sitinurain@illkm.edu.my', '$2b$10$GI.G9nLUkP0b9oJ75BMzBuq3tfA3CCY/FSCnM0inzimrbx8MZq3q2', 'Siti Nur''Ain Binti Shamsaidy', 'user', NULL, NULL, NULL, NULL, '2026-02-20 07:30:08', '2026-02-20 07:30:08', 0),
  (339, 'SitiZuliyani', 'sitizuliyani@ilkkm.edu.my', '$2b$10$74uM3gzqqji0eTgfzeQUyO.OqyvaPeZndlhuxd0flRiYJ95sHMMjK', 'Siti Zuliyani binti Zainon', 'user', NULL, NULL, NULL, NULL, '2026-02-20 07:30:08', '2026-02-20 07:30:08', 0),
  (340, 'Suhaili', 'Suhaili@ilkkm.edu.my', '$2b$10$B2su1kouA1xjw93ynnSXLOl1zHtHC4yOrnypTHx1d3Bif/smKcP5G', 'SUHAILI', 'user', NULL, NULL, NULL, NULL, '2026-02-20 07:30:08', '2026-02-20 07:30:08', 0),
  (341, 'Suhana', 'Suhana@ilkkm.edu.my', '$2b$10$WiGmIEovwzTpXxBNkjiSxuSwViF.MRnwFX.8nz7KsDE2qF/fc7GQ.', 'SUHANA', 'user', NULL, NULL, NULL, NULL, '2026-02-20 07:30:08', '2026-02-20 07:30:08', 0),
  (342, 'Surayah', 'Surayah@ilkkm.edu.my', '$2b$10$L6w3h9gZLNG7te/.aQSMSeMvq15KygDOsh5tOnhfqJUmn.0LzH4le', 'SURAYAH HANI', 'user', NULL, NULL, NULL, NULL, '2026-02-20 07:30:08', '2026-02-20 07:30:08', 0),
  (343, 'Suriah', 'Suriah@ilkkm.edu.my', '$2b$10$GtP0A1VFv3O/OtF4JrSl3.aCMcPdD/ZY.8LwQFLv1A9qlZwJyUtw2', 'SURIAH', 'user', NULL, NULL, NULL, NULL, '2026-02-20 07:30:08', '2026-02-20 07:30:08', 0),
  (344, 'Suziana', 'noorsuziana@ilkkm.edu.my', '$2b$10$r7EEnujR9MgtrFh8kxeJzOLxoPz9t6vfbU3Sw7hr8n863Ay6Z.vp6', 'NOOR SUZIANA BINTI IBRAHIM', 'admin', NULL, NULL, NULL, NULL, '2026-02-20 07:30:08', '2026-02-20 07:30:08', 0),
  (345, 'Syafiqah', 'nurulsyafiqah@ilkkm.edu.my', '$2b$10$X.VtUC40CGTNkizqDaSj2OFIRDU5CIjDcKmBmGL.Ux597kWeFjRba', 'NURUL SYAFIQAH MOHD YATIM', 'user', NULL, NULL, NULL, NULL, '2026-02-20 07:30:08', '2026-02-20 07:30:08', 0),
  (346, 'Syaiful', 'Syaiful@ilkkm.edu.my', '$2b$10$ZuCEFGXlOaAFkzgVk46f2eGVgmTUz8tzqAIekgwZ0eCVpeNcibmFa', 'MOHD SYAIFUL', 'user', NULL, NULL, NULL, NULL, '2026-02-20 07:30:08', '2026-02-20 07:30:08', 0),
  (347, 'Syawana', 'Syawana@ilkkm.edu.my', '$2b$10$gYR6Xkv9.dllt1.TbP7yC.8E9G3aSGdNaQf5uhiHugz3cYf3US8nS', 'SYA''WANA BINTI SAHROM', 'user', NULL, NULL, NULL, NULL, '2026-02-20 07:30:08', '2026-02-20 07:30:08', 0),
  (348, 'Syazana', 'jsyazana@ilkkm.edu.my', '$2b$10$YZMSc3jxYZU9LY845ahsUe1tTw42ZsiTobAHhAhjSrkCkDmGmNJNu', 'NURSYAZANA', 'user', NULL, NULL, NULL, NULL, '2026-02-20 07:30:09', '2026-02-20 07:30:09', 0),
  (349, 'Syikeen', 'Syikeen@ilkkm.edu.my', '$2b$10$DntHHMQRaaiO6.0JYSree.H/z1hUwBKIor34ypCYtFckf5bn2s/F.', 'SITI NOORASYIKEEN', 'user', NULL, NULL, NULL, NULL, '2026-02-20 07:30:09', '2026-02-20 07:30:09', 0),
  (350, 'tankf', 'tankingfang@ilkkm.edu.my', '$2b$10$5R13nac1QOG30pEscb6tnuVXtUV2mpXCVxo5680xCxe6xVgWzBl5m', 'TAN KING FANG', 'user', NULL, NULL, NULL, NULL, '2026-02-20 07:30:09', '2026-02-20 07:30:09', 0),
  (351, 'Tay', 'tay.ailing@ilkkm.edu.my', '$2b$10$09HTvGmKmDgqaVmoXg9fX.LBRLLrlbnuSZY0ozpSsBc/fm5QZzFkK', 'TAY AI LING', 'user', NULL, NULL, NULL, NULL, '2026-02-20 07:30:09', '2026-02-20 07:30:09', 0),
  (352, 'Thana', 'thanaletchumi.ponosamy@ilkkm.edu.my', '$2b$10$RPZA3niWDs9.E2nVP9CeJO67sZZDJK0bFEM.6FSIXv5YmfvrN5HJ.', 'THANALETCHUMI', 'user', NULL, NULL, NULL, NULL, '2026-02-20 07:30:09', '2026-02-20 07:30:09', 0),
  (353, 'Yuchunsong', 'Yuchunsong@ilkkm.edu.my', '$2b$10$Xd/o4Zmya6X2A254RiWFY.5evSl2BRz2lcJ47zBnrppRpZx2UI1CW', 'YU CHUN SONG', 'user', NULL, NULL, NULL, NULL, '2026-02-20 07:30:09', '2026-02-20 07:30:09', 0),
  (354, 'Yurita', 'Yurita@ilkkm.edu.my', '$2b$10$NWOxSLBLil/6MloEMEJuBuv8BydGrZeC7Qz9uHni0T8xm4UyVEHo.', 'YURITA', 'user', NULL, NULL, NULL, NULL, '2026-02-20 07:30:09', '2026-02-20 07:30:09', 0),
  (355, 'Yusniza', 'ctyusniza@ilkkm.edu.my', '$2b$10$3bA/IJlPnHt96JE3DcgLU.MnK0f0TkMHMwlIwE4FUa8L6sZ7OuYJO', 'SITI YUSNIZA KAMARUZZAMAN', 'user', NULL, NULL, NULL, NULL, '2026-02-20 07:30:09', '2026-02-20 07:30:09', 0),
  (356, 'Yusof', 'Yusof@ilkkm.edu.my', '$2b$10$3YXI5O9BKAYsPaihscxFZeezolk0c/dXL/.UyCmmQryZp1HMt3ylS', 'MUHAMAD YUSOF GHAZALI', 'user', NULL, '2026-02-20 07:50:59', NULL, NULL, '2026-02-20 07:30:10', '2026-02-20 07:30:10', 0),
  (357, 'Zafarida', 'Zafarida@ilkkm.edu.my', '$2b$10$2CgwV435VWL8brgTk6qVfuGE8WSZubPVwAEj6MX9EyOzKebMYrJ5q', 'ZAFARIDA', 'user', NULL, NULL, NULL, NULL, '2026-02-20 07:30:10', '2026-02-20 07:30:10', 0),
  (358, 'Zaharudin', 'Zaharudin@ilkkm.edu.my', '$2b$10$SnHOmBIC9MIzltpz08NF6uWnUA5OvwyjGL5nuIFliMPMEpy0JYHNe', 'ZAHARUDIN', 'user', NULL, NULL, NULL, NULL, '2026-02-20 07:30:10', '2026-02-20 07:30:10', 0),
  (359, 'Zainal', 'z.abidin@ilkkm.edu.my', '$2b$10$fASgJf4T9V8IkLGFsfVH/.BQQu7IjC0R2VV/MYWnp2o7cJcABZnlO', 'ZAINAL ABIDIN ABD RAHMAN', 'user', NULL, NULL, NULL, NULL, '2026-02-20 07:30:10', '2026-02-20 07:30:10', 0),
  (360, 'Zalina', 'Zalina@ilkkm.edu.my', '$2b$10$cg5TVGKAyg4dCmVpBIaT1eAdB3yLmuJLq8CZPBLYZbgOecxcBlLh.', 'ZALINA SULAIMAN', 'user', NULL, NULL, NULL, NULL, '2026-02-20 07:30:10', '2026-02-20 07:30:10', 0),
  (361, 'Zambri', 'Zambri@ilkkm.edu.my', '$2b$10$R7pz2j/c.RYbrNtfdNjgkugmQyJ88NEdgAe.0n6NipL/Y8C97TBIG', 'MOHD ZAMBRI', 'user', NULL, NULL, NULL, NULL, '2026-02-20 07:30:10', '2026-02-20 07:30:10', 0),
  (362, 'Zanariah', 'Zanariah@ilkkm.edu.my', '$2b$10$9452q3BWj5ZIFN3u1YmD4eYuWKsNJ/7ZkPbAo1v/2BcwTcQCwdMYK', 'SITI ZANARIAH', 'user', NULL, NULL, NULL, NULL, '2026-02-20 07:30:10', '2026-02-20 07:30:10', 0),
  (363, 'Zubaidah', 'ctzubaidah@ilkkm.edu.my', '$2b$10$Mrwi3OztdHVsKo4T7/adWujVRY.EU2pZCZ9mFp9nxpglotAzNn3.i', 'SITI ZUBAIDAH', 'user', NULL, NULL, NULL, NULL, '2026-02-20 07:30:10', '2026-02-20 07:30:10', 0),
  (364, 'Zulaika', 'zulaika@ilkkm.edu.my', '$2b$10$eNkSferH5jPgGxO6YXqhmuZCUt7blJmOy5.jOqdBmquzeTgKhisAy', 'NUR ZULAIKA BORHAN', 'user', NULL, NULL, NULL, NULL, '2026-02-20 07:30:10', '2026-02-20 07:30:10', 0),
  (365, 'Zulkifli', 'Zulkifli@ilkkm.edu.my', '$2b$10$PmufpkffllnO7INECUCeqOiCgWPilRHhd4tPrEYOn/ul7Yd9fDqSW', 'ZULKIFLI', 'user', NULL, '2026-02-20 07:30:44', NULL, NULL, '2026-02-20 07:30:11', '2026-02-20 07:30:11', 0),
  (366, 'Zuraidah', 'Zuraidah@ilkkm.edu.my', '$2b$10$dnX3lzIddGUk2wKX.abiD.U1VOXqQpSjKDRJ3AGi/oGVYunqvexC2', 'ZURAIDAH DELI', 'user', NULL, '2026-02-20 07:49:17', NULL, NULL, '2026-02-20 07:30:11', '2026-02-20 07:30:11', 0),
  (367, 'Zuraini', 'Zuraini@ilkkm.edu.my', '$2b$10$95KMlITdfBr8/T25cVUtJef2BTKMBEX8RmcbxhcwIaC7rL9N2r6mO', 'ZURAINI', 'user', NULL, NULL, NULL, NULL, '2026-02-20 07:30:11', '2026-02-20 07:30:11', 0);

-- Inserting 2 rows into sessions
INSERT INTO sessions ([id], [name], [start_date], [end_date], [created_at]) VALUES
  (1, 'Sesi Jan- Jun 2026', '2026-01-01', '2026-06-30', '2026-02-16 04:58:32'),
  (2, 'Sesi July - Dec 2025', '2025-07-01', '2025-12-31', '2026-02-16 06:26:09');

-- Inserting 4 rows into time_slots
INSERT INTO time_slots ([id], [label], [start_time], [end_time], [created_at]) VALUES
  (1, 'Slot 1', '08:00', '10:00', '2026-02-12 01:59:36'),
  (2, 'Slot 2', '10:30', '12:30', '2026-02-12 01:59:36'),
  (3, 'Slot 4', '16:00', '17:00', '2026-02-12 01:59:36'),
  (4, 'Slot 3', '14:00', '16:00', '2026-02-12 01:59:36');

-- Inserting 6 rows into room_groups
INSERT INTO room_groups ([id], [name], [description], [created_at]) VALUES
  (2, 'Blok Akademik', NULL, '2026-02-16 06:40:09'),
  (3, 'Blok Ketrampilan', NULL, '2026-02-16 06:40:25'),
  (4, 'Blok Pentadbiran', NULL, '2026-02-16 06:40:31'),
  (5, 'Blok Pusat Sumber', NULL, '2026-02-16 06:40:38'),
  (6, 'Kuarters & Lain-lain', NULL, '2026-02-16 06:40:45'),
  (7, 'Auditorium', NULL, '2026-02-16 07:24:32');

-- Inserting 104 rows into classrooms
INSERT INTO classrooms ([id], [name], [group_id], [location], [capacity], [description], [notes], [photo], [can_be_booked], [teacher_id], [status], [created_at], [updated_at]) VALUES
  (2, 'Auditorium', 7, NULL, NULL, NULL, NULL, NULL, 1, NULL, 'available', '2026-02-13 08:04:19', '2026-02-20 03:17:27'),
  (3, 'Auditorium VVIP Room', 7, NULL, NULL, NULL, NULL, NULL, 1, NULL, 'available', '2026-02-13 08:24:47', '2026-02-16 07:24:44'),
  (4, 'Bilik Kuliah 01', 2, NULL, NULL, NULL, NULL, NULL, 1, NULL, 'available', '2026-02-16 06:42:16', '2026-02-16 06:43:51'),
  (5, 'Bilik Kuliah 02', 2, NULL, NULL, NULL, NULL, NULL, 1, NULL, 'available', '2026-02-16 06:42:36', '2026-02-16 06:44:11'),
  (6, 'Bilik Kuliah 03', 2, NULL, NULL, NULL, NULL, NULL, 1, NULL, 'available', '2026-02-16 06:49:15', '2026-02-16 06:49:49'),
  (7, 'Bilik Kuliah 04', 2, NULL, NULL, NULL, NULL, NULL, 1, NULL, 'available', '2026-02-16 06:55:16', '2026-02-16 06:57:37'),
  (8, 'Bilik Kuliah 05', 2, NULL, NULL, NULL, NULL, NULL, 1, NULL, 'available', '2026-02-16 06:57:48', '2026-02-16 06:57:48'),
  (9, 'Bilik Kuliah 06', 2, NULL, NULL, NULL, NULL, NULL, 1, NULL, 'available', '2026-02-16 06:58:08', '2026-02-16 06:58:08'),
  (10, 'Bilik Kuliah 07', 2, NULL, NULL, NULL, NULL, NULL, 1, NULL, 'available', '2026-02-16 06:58:23', '2026-02-16 06:58:23'),
  (11, 'Bilik Kuliah 08', 2, NULL, NULL, NULL, NULL, NULL, 1, NULL, 'available', '2026-02-16 06:58:31', '2026-02-16 06:58:31'),
  (12, 'Bilik Kuliah 09', 2, NULL, NULL, NULL, NULL, NULL, 1, NULL, 'available', '2026-02-16 06:58:41', '2026-02-16 06:58:41'),
  (13, 'Bilik Kuliah 10', 2, NULL, NULL, NULL, NULL, NULL, 1, NULL, 'available', '2026-02-16 06:58:48', '2026-02-16 06:58:48'),
  (14, 'Bilik Kuliah 11', 2, NULL, NULL, NULL, NULL, NULL, 1, NULL, 'available', '2026-02-16 06:58:58', '2026-02-16 06:58:58'),
  (15, 'Bilik Kuliah 12', 2, NULL, NULL, NULL, NULL, NULL, 1, NULL, 'available', '2026-02-16 06:59:04', '2026-02-16 06:59:04'),
  (16, 'Bilik Kuliah 13', 2, NULL, NULL, NULL, NULL, NULL, 1, NULL, 'available', '2026-02-16 06:59:09', '2026-02-16 06:59:09'),
  (17, 'Bilik Kuliah 14', 2, NULL, NULL, NULL, NULL, NULL, 1, NULL, 'available', '2026-02-16 06:59:18', '2026-02-16 06:59:18'),
  (18, 'Bilik Kuliah 15', 2, NULL, NULL, NULL, NULL, NULL, 1, NULL, 'available', '2026-02-16 06:59:25', '2026-02-16 06:59:25'),
  (19, 'Bilik Kuliah 16', 2, NULL, NULL, NULL, NULL, NULL, 1, NULL, 'available', '2026-02-16 06:59:31', '2026-02-16 06:59:31'),
  (20, 'Dewan Kuliah 01', 2, NULL, NULL, NULL, NULL, NULL, 1, NULL, 'available', '2026-02-16 06:59:39', '2026-02-16 06:59:39'),
  (21, 'Dewan Kuliah 02', 2, NULL, NULL, NULL, NULL, NULL, 1, NULL, 'available', '2026-02-16 06:59:49', '2026-02-16 06:59:49'),
  (22, 'Dewan Kuliah 03', 2, NULL, NULL, NULL, NULL, NULL, 1, NULL, 'available', '2026-02-16 07:00:10', '2026-02-16 07:00:10'),
  (23, 'Dewan Kuliah 04', 2, NULL, NULL, NULL, NULL, NULL, 1, NULL, 'available', '2026-02-16 07:00:20', '2026-02-16 07:00:20'),
  (24, 'Dewan Kuliah 05', 2, NULL, NULL, NULL, NULL, NULL, 1, NULL, 'available', '2026-02-16 07:00:29', '2026-02-16 07:00:29'),
  (25, 'Dewan Kuliah 06', 2, NULL, NULL, NULL, NULL, NULL, 1, NULL, 'available', '2026-02-16 07:00:37', '2026-02-16 07:00:37'),
  (26, 'Dewan Kuliah 07', 2, NULL, NULL, NULL, NULL, NULL, 1, NULL, 'available', '2026-02-16 07:00:43', '2026-02-16 07:00:43'),
  (27, 'Dewan Kuliah 08', 2, NULL, NULL, NULL, NULL, NULL, 1, NULL, 'available', '2026-02-16 07:00:54', '2026-02-16 07:00:54'),
  (28, 'Dewan Kuliah 09', 2, NULL, NULL, NULL, NULL, NULL, 1, NULL, 'available', '2026-02-16 07:01:00', '2026-02-16 07:01:00'),
  (29, 'Dewan Kuliah 10', 2, NULL, NULL, NULL, NULL, NULL, 1, NULL, 'available', '2026-02-16 07:01:06', '2026-02-16 07:01:06'),
  (30, 'Dewan Kuliah 11', 2, NULL, NULL, NULL, NULL, NULL, 1, NULL, 'available', '2026-02-16 07:01:13', '2026-02-16 07:01:13'),
  (31, 'Dewan Kuliah 12', 2, NULL, NULL, NULL, NULL, NULL, 1, NULL, 'available', '2026-02-16 07:01:20', '2026-02-16 07:01:20'),
  (32, 'Gimnasium Staf', 2, NULL, NULL, NULL, NULL, NULL, 1, NULL, 'available', '2026-02-16 07:01:26', '2026-02-16 07:01:26'),
  (33, 'Bilik ADDC', 3, NULL, NULL, NULL, NULL, NULL, 1, NULL, 'available', '2026-02-16 07:08:36', '2026-02-16 07:08:36'),
  (34, 'Bilik ADMH', 3, NULL, NULL, NULL, NULL, NULL, 1, NULL, 'available', '2026-02-16 07:08:42', '2026-02-16 07:08:42'),
  (35, 'Bilik ADMW 1', 3, NULL, NULL, NULL, NULL, NULL, 1, NULL, 'available', '2026-02-16 07:08:49', '2026-02-16 07:08:49'),
  (36, 'Bilik ADMW 2', 3, NULL, NULL, NULL, NULL, NULL, 1, NULL, 'available', '2026-02-16 07:08:56', '2026-02-16 07:08:56'),
  (37, 'Bilik ADOC (Onco)', 3, NULL, NULL, NULL, NULL, NULL, 1, NULL, 'available', '2026-02-16 07:09:05', '2026-02-16 07:09:05'),
  (38, 'Bilik ADOC (Ortho)', 3, NULL, NULL, NULL, NULL, NULL, 1, NULL, 'available', '2026-02-16 07:09:15', '2026-02-16 07:09:15'),
  (39, 'Bilik ADPO', 3, NULL, NULL, NULL, NULL, NULL, 1, NULL, 'available', '2026-02-16 07:09:22', '2026-02-16 07:09:22'),
  (40, 'Bilik Angiografi', 3, NULL, NULL, NULL, NULL, NULL, 1, NULL, 'available', '2026-02-16 07:09:28', '2026-02-16 07:09:28'),
  (41, 'Bilik Demonstrasi 1', 3, NULL, NULL, NULL, NULL, NULL, 1, NULL, 'available', '2026-02-16 07:09:33', '2026-02-16 07:09:33'),
  (42, 'Bilik Demonstrasi 2', 3, NULL, NULL, NULL, NULL, NULL, 1, NULL, 'available', '2026-02-16 07:09:39', '2026-02-16 07:09:39'),
  (43, 'Bilik Demonstrasi 3', 3, NULL, NULL, NULL, NULL, NULL, 1, NULL, 'available', '2026-02-16 07:09:46', '2026-02-16 07:09:46'),
  (44, 'Bilik Demonstrasi PT', 3, NULL, NULL, NULL, NULL, NULL, 1, NULL, 'available', '2026-02-16 07:09:52', '2026-02-16 07:09:52'),
  (45, 'Bilik Elektroterapi', 3, NULL, NULL, NULL, NULL, NULL, 1, NULL, 'available', '2026-02-16 07:10:04', '2026-02-16 07:10:04'),
  (46, 'Bilik Endoskopi', 3, NULL, NULL, NULL, NULL, NULL, 1, NULL, 'available', '2026-02-16 07:10:10', '2026-02-16 07:10:10'),
  (47, 'Bilik Gelap', 3, NULL, NULL, NULL, NULL, NULL, 1, NULL, 'available', '2026-02-16 07:10:16', '2026-02-16 07:10:16'),
  (48, 'Bilik Hidroterapi', 3, NULL, NULL, NULL, NULL, NULL, 1, NULL, 'available', '2026-02-16 07:10:24', '2026-02-16 07:10:24'),
  (49, 'Bilik Kemahiran CCU', 3, NULL, NULL, NULL, NULL, NULL, 1, NULL, 'available', '2026-02-16 07:10:31', '2026-02-16 07:10:31'),
  (50, 'Bilik Kemahiran ICU', 3, NULL, NULL, NULL, NULL, NULL, 1, NULL, 'available', '2026-02-16 07:10:40', '2026-02-16 07:10:40'),
  (51, 'Bilik Ketrampilan 3', 3, NULL, NULL, NULL, NULL, NULL, 1, NULL, 'available', '2026-02-16 07:11:11', '2026-02-16 07:11:11'),
  (52, 'Bilik Kuliah 17', 3, NULL, NULL, NULL, NULL, NULL, 1, NULL, 'available', '2026-02-16 07:11:16', '2026-02-16 07:11:16'),
  (53, 'Bilik Nefrologi 1', 3, NULL, NULL, NULL, NULL, NULL, 1, NULL, 'available', '2026-02-16 07:11:24', '2026-02-16 07:11:24'),
  (54, 'Bilik Nefrologi 2', 3, NULL, NULL, NULL, NULL, NULL, 1, NULL, 'available', '2026-02-16 07:11:29', '2026-02-16 07:11:29'),
  (55, 'Bilik Neonatal 1', 3, NULL, NULL, NULL, NULL, NULL, 1, NULL, 'available', '2026-02-16 07:11:37', '2026-02-16 07:11:37'),
  (56, 'Bilik OKU', 3, NULL, NULL, NULL, NULL, NULL, 1, NULL, 'available', '2026-02-16 07:11:45', '2026-02-16 07:11:45'),
  (57, 'Bilik Persediaan 1', 3, NULL, NULL, NULL, NULL, NULL, 1, NULL, 'available', '2026-02-16 07:11:54', '2026-02-16 07:11:54'),
  (58, 'Bilik Persediaan 2', 3, NULL, NULL, NULL, NULL, NULL, 1, NULL, 'available', '2026-02-16 07:11:59', '2026-02-16 07:11:59'),
  (59, 'Bilik Persediaan 3', 3, NULL, NULL, NULL, NULL, NULL, 1, NULL, 'available', '2026-02-16 07:12:05', '2026-02-16 07:12:05'),
  (60, 'Bilik Persediaan 4', 3, NULL, NULL, NULL, NULL, NULL, 1, NULL, 'available', '2026-02-16 07:12:16', '2026-02-16 07:12:16'),
  (61, 'Bilik Radiografi 1', 3, NULL, NULL, NULL, NULL, NULL, 1, NULL, 'available', '2026-02-16 07:12:24', '2026-02-16 07:12:24'),
  (62, 'Bilik Radiografi 2', 3, NULL, NULL, NULL, NULL, NULL, 1, NULL, 'available', '2026-02-16 07:12:34', '2026-02-16 07:12:34'),
  (63, 'Gimnasium', 3, NULL, NULL, NULL, NULL, NULL, 1, NULL, 'available', '2026-02-16 07:12:43', '2026-02-16 07:12:43'),
  (64, 'M. Ketrampilan PBGI', 3, NULL, NULL, NULL, NULL, NULL, 1, NULL, 'available', '2026-02-16 07:12:50', '2026-02-16 07:12:50'),
  (65, 'Makmal ADBI', 3, NULL, NULL, NULL, NULL, NULL, 1, NULL, 'available', '2026-02-16 07:12:57', '2026-02-16 07:12:57'),
  (66, 'Makmal ADL', 3, NULL, NULL, NULL, NULL, NULL, 1, NULL, 'available', '2026-02-16 07:13:03', '2026-02-16 07:13:03'),
  (67, 'Makmal Anatomi', 3, NULL, NULL, NULL, NULL, NULL, 1, NULL, 'available', '2026-02-16 07:13:12', '2026-02-16 07:13:12'),
  (68, 'Makmal Garment', 3, NULL, NULL, NULL, NULL, NULL, 1, NULL, 'available', '2026-02-16 07:13:18', '2026-02-16 07:13:18'),
  (69, 'Makmal Kemahiran 1', 3, NULL, NULL, NULL, NULL, NULL, 1, NULL, 'available', '2026-02-16 07:13:25', '2026-02-16 07:13:25'),
  (70, 'Makmal Kemahiran 2', 3, NULL, NULL, NULL, NULL, NULL, 1, NULL, 'available', '2026-02-16 07:13:30', '2026-02-16 07:13:30'),
  (71, 'Makmal Kemahiran 3', 3, NULL, NULL, NULL, NULL, NULL, 1, NULL, 'available', '2026-02-16 07:13:38', '2026-02-16 07:13:38'),
  (72, 'Makmal Kemahiran CCU', 3, NULL, NULL, NULL, NULL, NULL, 1, NULL, 'available', '2026-02-16 07:13:47', '2026-02-16 07:13:47'),
  (73, 'Makmal Kemahiran ICU', 3, NULL, NULL, NULL, NULL, NULL, 1, NULL, 'available', '2026-02-16 07:13:54', '2026-02-16 07:13:54'),
  (74, 'Makmal Ketrampilan 1', 3, NULL, NULL, NULL, NULL, NULL, 1, NULL, 'available', '2026-02-16 07:13:59', '2026-02-16 07:13:59'),
  (75, 'Makmal Kreatif', 3, NULL, NULL, NULL, NULL, NULL, 1, NULL, 'available', '2026-02-16 07:14:06', '2026-02-16 07:14:06'),
  (76, 'Makmal Perangkaan', 3, NULL, NULL, NULL, NULL, NULL, 1, NULL, 'available', '2026-02-16 07:14:14', '2026-02-16 07:14:14'),
  (77, 'Makmal QAP', 3, NULL, NULL, NULL, NULL, NULL, 1, NULL, 'available', '2026-02-16 07:14:19', '2026-02-16 07:14:19'),
  (78, 'Makmal Radiografi 1', 3, NULL, NULL, NULL, NULL, NULL, 1, NULL, 'available', '2026-02-16 07:14:25', '2026-02-16 07:14:25'),
  (79, 'Makmal Splinting 2', 3, NULL, NULL, NULL, NULL, NULL, 1, NULL, 'available', '2026-02-16 07:14:31', '2026-02-16 07:14:31'),
  (80, 'Perpustakaan Filem', 3, NULL, NULL, NULL, NULL, NULL, 1, NULL, 'available', '2026-02-16 07:14:37', '2026-02-16 07:14:37'),
  (81, 'Dewan Serbaguna 1', 6, NULL, NULL, NULL, NULL, NULL, 1, NULL, 'available', '2026-02-16 07:14:59', '2026-02-16 07:14:59'),
  (82, 'Dewan Serbaguna 2', 6, NULL, NULL, NULL, NULL, NULL, 1, NULL, 'available', '2026-02-16 07:15:04', '2026-02-16 07:15:04'),
  (83, 'Kafe A', 6, NULL, NULL, NULL, NULL, NULL, 1, NULL, 'available', '2026-02-16 07:15:10', '2026-02-16 07:15:10'),
  (84, 'Padang', 6, NULL, NULL, NULL, NULL, NULL, 1, NULL, 'available', '2026-02-16 07:15:15', '2026-02-16 07:15:15'),
  (85, 'Stor Ledang', 6, NULL, NULL, NULL, NULL, NULL, 1, NULL, 'available', '2026-02-16 07:15:20', '2026-02-16 07:15:20'),
  (86, 'Surau Ibnu Sina', 6, NULL, NULL, NULL, NULL, NULL, 1, NULL, 'available', '2026-02-16 07:15:25', '2026-02-16 07:15:25'),
  (87, 'Bilik Perbincangan 1', 5, NULL, NULL, NULL, NULL, NULL, 1, NULL, 'available', '2026-02-16 07:15:40', '2026-02-16 07:15:40'),
  (88, 'Bilik Perbincangan 2', 5, NULL, NULL, NULL, NULL, NULL, 1, NULL, 'available', '2026-02-16 07:15:45', '2026-02-16 07:15:45'),
  (89, 'Dataran Pelatih', 5, NULL, NULL, NULL, NULL, NULL, 1, NULL, 'available', '2026-02-16 07:15:50', '2026-02-16 07:15:50'),
  (90, 'Klinik Sejahtera', 5, NULL, NULL, NULL, NULL, NULL, 1, NULL, 'available', '2026-02-16 07:15:54', '2026-02-16 07:15:54'),
  (91, 'Makmal Komputer 1', 5, NULL, NULL, NULL, NULL, NULL, 1, NULL, 'available', '2026-02-16 07:16:00', '2026-02-16 07:16:00'),
  (92, 'Makmal Komputer 2', 5, NULL, NULL, NULL, NULL, NULL, 1, NULL, 'available', '2026-02-16 07:16:07', '2026-02-16 07:16:07'),
  (93, 'Makmal Multimedia', 5, NULL, NULL, NULL, NULL, NULL, 1, NULL, 'available', '2026-02-16 07:16:13', '2026-02-16 07:16:13'),
  (94, 'Medan Pelatih', 5, NULL, NULL, NULL, NULL, NULL, 1, NULL, 'available', '2026-02-16 07:16:18', '2026-02-16 07:16:18'),
  (95, 'Bilik Kaunseling 1', 4, NULL, NULL, NULL, NULL, NULL, 1, NULL, 'available', '2026-02-16 07:16:34', '2026-02-16 07:16:34'),
  (96, 'Bilik Kaunseling 2', 4, NULL, NULL, NULL, NULL, NULL, 1, NULL, 'available', '2026-02-16 07:16:39', '2026-02-16 07:16:39'),
  (97, 'Bilik Kaunseling 3', 4, NULL, NULL, NULL, NULL, NULL, 1, NULL, 'available', '2026-02-16 07:16:45', '2026-02-16 07:16:45'),
  (98, 'Bilik Makan Ungu', 4, NULL, NULL, NULL, NULL, NULL, 1, NULL, 'available', '2026-02-16 07:16:51', '2026-02-16 07:16:51'),
  (99, 'Bilik Mesyuarat 1', 4, NULL, NULL, NULL, NULL, NULL, 1, NULL, 'available', '2026-02-16 07:17:56', '2026-02-16 07:17:56'),
  (100, 'Bilik Mesyuarat 2', 4, NULL, NULL, NULL, NULL, NULL, 1, NULL, 'available', '2026-02-16 07:18:00', '2026-02-16 07:18:00'),
  (101, 'Bilik Mesyuarat 3', 4, NULL, NULL, NULL, NULL, NULL, 1, NULL, 'available', '2026-02-16 07:18:07', '2026-02-16 07:18:07');
INSERT INTO classrooms ([id], [name], [group_id], [location], [capacity], [description], [notes], [photo], [can_be_booked], [teacher_id], [status], [created_at], [updated_at]) VALUES
  (102, 'Bilik Peperiksaan', 4, NULL, NULL, NULL, NULL, NULL, 1, NULL, 'available', '2026-02-16 07:18:13', '2026-02-16 07:18:13'),
  (103, 'Kafeteria A', 4, NULL, NULL, NULL, NULL, NULL, 1, NULL, 'available', '2026-02-16 07:18:17', '2026-02-16 07:18:17'),
  (104, 'Kafeteria B', 4, NULL, NULL, NULL, NULL, NULL, 1, NULL, 'available', '2026-02-16 07:18:22', '2026-02-16 07:18:22'),
  (105, 'Kafeteria Staf', 4, NULL, NULL, NULL, NULL, NULL, 1, NULL, 'available', '2026-02-16 07:18:28', '2026-02-16 07:18:28');

-- Inserting 10 rows into equipment
INSERT INTO equipment ([id], [name], [type], [options], [created_at], [updated_at]) VALUES
  (1, 'Flip chair', 'CHECKBOX', NULL, '2026-02-20 01:44:18', '2026-02-20 01:44:18'),
  (2, 'Kerusi', 'CHECKBOX', NULL, '2026-02-20 01:44:46', '2026-02-20 01:44:46'),
  (3, 'Komputer', 'CHECKBOX', NULL, '2026-02-20 01:44:52', '2026-02-20 01:44:52'),
  (4, 'Komputer riba', 'CHECKBOX', NULL, '2026-02-20 01:44:59', '2026-02-20 01:44:59'),
  (5, 'Meja', 'CHECKBOX', NULL, '2026-02-20 01:45:04', '2026-02-20 01:45:04'),
  (6, 'Mikrofon', 'CHECKBOX', NULL, '2026-02-20 01:45:09', '2026-02-20 01:45:09'),
  (7, 'Plug/Socket', 'CHECKBOX', NULL, '2026-02-20 01:45:19', '2026-02-20 01:45:19'),
  (8, 'Projektor', 'CHECKBOX', NULL, '2026-02-20 01:45:26', '2026-02-20 01:45:26'),
  (9, 'Sistem Audio', 'CHECKBOX', NULL, '2026-02-20 01:45:32', '2026-02-20 01:45:32'),
  (10, 'Skrin', 'CHECKBOX', NULL, '2026-02-20 01:45:41', '2026-02-20 01:45:41');

-- Inserting 1040 rows into classroom_equipment
INSERT INTO classroom_equipment ([id], [classroom_id], [equipment_id], [value], [created_at]) VALUES
  (1101, 2, 1, '1', '2026-02-20 02:54:55'),
  (1102, 2, 2, '1', '2026-02-20 02:54:55'),
  (1103, 2, 3, '1', '2026-02-20 02:54:55'),
  (1104, 2, 4, '1', '2026-02-20 02:54:55'),
  (1105, 2, 5, '1', '2026-02-20 02:54:55'),
  (1106, 2, 6, '1', '2026-02-20 02:54:55'),
  (1107, 2, 7, '1', '2026-02-20 02:54:55'),
  (1108, 2, 8, '1', '2026-02-20 02:54:55'),
  (1109, 2, 9, '1', '2026-02-20 02:54:55'),
  (1110, 2, 10, '1', '2026-02-20 02:54:55'),
  (1111, 3, 1, '1', '2026-02-20 02:54:55'),
  (1112, 3, 2, '1', '2026-02-20 02:54:55'),
  (1113, 3, 3, '1', '2026-02-20 02:54:55'),
  (1114, 3, 4, '1', '2026-02-20 02:54:55'),
  (1115, 3, 5, '1', '2026-02-20 02:54:55'),
  (1116, 3, 6, '1', '2026-02-20 02:54:55'),
  (1117, 3, 7, '1', '2026-02-20 02:54:55'),
  (1118, 3, 8, '1', '2026-02-20 02:54:55'),
  (1119, 3, 9, '1', '2026-02-20 02:54:55'),
  (1120, 3, 10, '1', '2026-02-20 02:54:55'),
  (1121, 33, 1, '1', '2026-02-20 02:54:55'),
  (1122, 33, 2, '1', '2026-02-20 02:54:55'),
  (1123, 33, 3, '1', '2026-02-20 02:54:55'),
  (1124, 33, 4, '1', '2026-02-20 02:54:55'),
  (1125, 33, 5, '1', '2026-02-20 02:54:55'),
  (1126, 33, 6, '1', '2026-02-20 02:54:55'),
  (1127, 33, 7, '1', '2026-02-20 02:54:55'),
  (1128, 33, 8, '1', '2026-02-20 02:54:55'),
  (1129, 33, 9, '1', '2026-02-20 02:54:55'),
  (1130, 33, 10, '1', '2026-02-20 02:54:55'),
  (1131, 34, 1, '1', '2026-02-20 02:54:55'),
  (1132, 34, 2, '1', '2026-02-20 02:54:55'),
  (1133, 34, 3, '1', '2026-02-20 02:54:55'),
  (1134, 34, 4, '1', '2026-02-20 02:54:55'),
  (1135, 34, 5, '1', '2026-02-20 02:54:55'),
  (1136, 34, 6, '1', '2026-02-20 02:54:55'),
  (1137, 34, 7, '1', '2026-02-20 02:54:55'),
  (1138, 34, 8, '1', '2026-02-20 02:54:55'),
  (1139, 34, 9, '1', '2026-02-20 02:54:55'),
  (1140, 34, 10, '1', '2026-02-20 02:54:55'),
  (1141, 35, 1, '1', '2026-02-20 02:54:55'),
  (1142, 35, 2, '1', '2026-02-20 02:54:55'),
  (1143, 35, 3, '1', '2026-02-20 02:54:55'),
  (1144, 35, 4, '1', '2026-02-20 02:54:55'),
  (1145, 35, 5, '1', '2026-02-20 02:54:55'),
  (1146, 35, 6, '1', '2026-02-20 02:54:55'),
  (1147, 35, 7, '1', '2026-02-20 02:54:55'),
  (1148, 35, 8, '1', '2026-02-20 02:54:55'),
  (1149, 35, 9, '1', '2026-02-20 02:54:55'),
  (1150, 35, 10, '1', '2026-02-20 02:54:55'),
  (1151, 36, 1, '1', '2026-02-20 02:54:55'),
  (1152, 36, 2, '1', '2026-02-20 02:54:55'),
  (1153, 36, 3, '1', '2026-02-20 02:54:55'),
  (1154, 36, 4, '1', '2026-02-20 02:54:55'),
  (1155, 36, 5, '1', '2026-02-20 02:54:55'),
  (1156, 36, 6, '1', '2026-02-20 02:54:55'),
  (1157, 36, 7, '1', '2026-02-20 02:54:55'),
  (1158, 36, 8, '1', '2026-02-20 02:54:55'),
  (1159, 36, 9, '1', '2026-02-20 02:54:55'),
  (1160, 36, 10, '1', '2026-02-20 02:54:55'),
  (1161, 37, 1, '1', '2026-02-20 02:54:55'),
  (1162, 37, 2, '1', '2026-02-20 02:54:55'),
  (1163, 37, 3, '1', '2026-02-20 02:54:55'),
  (1164, 37, 4, '1', '2026-02-20 02:54:55'),
  (1165, 37, 5, '1', '2026-02-20 02:54:55'),
  (1166, 37, 6, '1', '2026-02-20 02:54:55'),
  (1167, 37, 7, '1', '2026-02-20 02:54:55'),
  (1168, 37, 8, '1', '2026-02-20 02:54:55'),
  (1169, 37, 9, '1', '2026-02-20 02:54:55'),
  (1170, 37, 10, '1', '2026-02-20 02:54:55'),
  (1171, 38, 1, '1', '2026-02-20 02:54:55'),
  (1172, 38, 2, '1', '2026-02-20 02:54:55'),
  (1173, 38, 3, '1', '2026-02-20 02:54:55'),
  (1174, 38, 4, '1', '2026-02-20 02:54:55'),
  (1175, 38, 5, '1', '2026-02-20 02:54:55'),
  (1176, 38, 6, '1', '2026-02-20 02:54:55'),
  (1177, 38, 7, '1', '2026-02-20 02:54:55'),
  (1178, 38, 8, '1', '2026-02-20 02:54:55'),
  (1179, 38, 9, '1', '2026-02-20 02:54:55'),
  (1180, 38, 10, '1', '2026-02-20 02:54:55'),
  (1181, 39, 1, '1', '2026-02-20 02:54:55'),
  (1182, 39, 2, '1', '2026-02-20 02:54:55'),
  (1183, 39, 3, '1', '2026-02-20 02:54:55'),
  (1184, 39, 4, '1', '2026-02-20 02:54:55'),
  (1185, 39, 5, '1', '2026-02-20 02:54:56'),
  (1186, 39, 6, '1', '2026-02-20 02:54:56'),
  (1187, 39, 7, '1', '2026-02-20 02:54:56'),
  (1188, 39, 8, '1', '2026-02-20 02:54:56'),
  (1189, 39, 9, '1', '2026-02-20 02:54:56'),
  (1190, 39, 10, '1', '2026-02-20 02:54:56'),
  (1191, 40, 1, '1', '2026-02-20 02:54:56'),
  (1192, 40, 2, '1', '2026-02-20 02:54:56'),
  (1193, 40, 3, '1', '2026-02-20 02:54:56'),
  (1194, 40, 4, '1', '2026-02-20 02:54:56'),
  (1195, 40, 5, '1', '2026-02-20 02:54:56'),
  (1196, 40, 6, '1', '2026-02-20 02:54:56'),
  (1197, 40, 7, '1', '2026-02-20 02:54:56'),
  (1198, 40, 8, '1', '2026-02-20 02:54:56'),
  (1199, 40, 9, '1', '2026-02-20 02:54:56'),
  (1200, 40, 10, '1', '2026-02-20 02:54:56');
INSERT INTO classroom_equipment ([id], [classroom_id], [equipment_id], [value], [created_at]) VALUES
  (1201, 41, 1, '1', '2026-02-20 02:54:56'),
  (1202, 41, 2, '1', '2026-02-20 02:54:56'),
  (1203, 41, 3, '1', '2026-02-20 02:54:56'),
  (1204, 41, 4, '1', '2026-02-20 02:54:56'),
  (1205, 41, 5, '1', '2026-02-20 02:54:56'),
  (1206, 41, 6, '1', '2026-02-20 02:54:56'),
  (1207, 41, 7, '1', '2026-02-20 02:54:56'),
  (1208, 41, 8, '1', '2026-02-20 02:54:56'),
  (1209, 41, 9, '1', '2026-02-20 02:54:56'),
  (1210, 41, 10, '1', '2026-02-20 02:54:56'),
  (1211, 42, 1, '1', '2026-02-20 02:54:56'),
  (1212, 42, 2, '1', '2026-02-20 02:54:56'),
  (1213, 42, 3, '1', '2026-02-20 02:54:56'),
  (1214, 42, 4, '1', '2026-02-20 02:54:56'),
  (1215, 42, 5, '1', '2026-02-20 02:54:56'),
  (1216, 42, 6, '1', '2026-02-20 02:54:56'),
  (1217, 42, 7, '1', '2026-02-20 02:54:56'),
  (1218, 42, 8, '1', '2026-02-20 02:54:56'),
  (1219, 42, 9, '1', '2026-02-20 02:54:56'),
  (1220, 42, 10, '1', '2026-02-20 02:54:56'),
  (1221, 43, 1, '1', '2026-02-20 02:54:56'),
  (1222, 43, 2, '1', '2026-02-20 02:54:56'),
  (1223, 43, 3, '1', '2026-02-20 02:54:56'),
  (1224, 43, 4, '1', '2026-02-20 02:54:56'),
  (1225, 43, 5, '1', '2026-02-20 02:54:56'),
  (1226, 43, 6, '1', '2026-02-20 02:54:56'),
  (1227, 43, 7, '1', '2026-02-20 02:54:56'),
  (1228, 43, 8, '1', '2026-02-20 02:54:56'),
  (1229, 43, 9, '1', '2026-02-20 02:54:56'),
  (1230, 43, 10, '1', '2026-02-20 02:54:56'),
  (1231, 44, 1, '1', '2026-02-20 02:54:56'),
  (1232, 44, 2, '1', '2026-02-20 02:54:56'),
  (1233, 44, 3, '1', '2026-02-20 02:54:56'),
  (1234, 44, 4, '1', '2026-02-20 02:54:56'),
  (1235, 44, 5, '1', '2026-02-20 02:54:56'),
  (1236, 44, 6, '1', '2026-02-20 02:54:56'),
  (1237, 44, 7, '1', '2026-02-20 02:54:56'),
  (1238, 44, 8, '1', '2026-02-20 02:54:56'),
  (1239, 44, 9, '1', '2026-02-20 02:54:56'),
  (1240, 44, 10, '1', '2026-02-20 02:54:56'),
  (1241, 45, 1, '1', '2026-02-20 02:54:56'),
  (1242, 45, 2, '1', '2026-02-20 02:54:56'),
  (1243, 45, 3, '1', '2026-02-20 02:54:56'),
  (1244, 45, 4, '1', '2026-02-20 02:54:56'),
  (1245, 45, 5, '1', '2026-02-20 02:54:56'),
  (1246, 45, 6, '1', '2026-02-20 02:54:56'),
  (1247, 45, 7, '1', '2026-02-20 02:54:56'),
  (1248, 45, 8, '1', '2026-02-20 02:54:56'),
  (1249, 45, 9, '1', '2026-02-20 02:54:56'),
  (1250, 45, 10, '1', '2026-02-20 02:54:56'),
  (1251, 46, 1, '1', '2026-02-20 02:54:56'),
  (1252, 46, 2, '1', '2026-02-20 02:54:56'),
  (1253, 46, 3, '1', '2026-02-20 02:54:56'),
  (1254, 46, 4, '1', '2026-02-20 02:54:56'),
  (1255, 46, 5, '1', '2026-02-20 02:54:56'),
  (1256, 46, 6, '1', '2026-02-20 02:54:56'),
  (1257, 46, 7, '1', '2026-02-20 02:54:56'),
  (1258, 46, 8, '1', '2026-02-20 02:54:56'),
  (1259, 46, 9, '1', '2026-02-20 02:54:56'),
  (1260, 46, 10, '1', '2026-02-20 02:54:56'),
  (1261, 47, 1, '1', '2026-02-20 02:54:56'),
  (1262, 47, 2, '1', '2026-02-20 02:54:56'),
  (1263, 47, 3, '1', '2026-02-20 02:54:56'),
  (1264, 47, 4, '1', '2026-02-20 02:54:56'),
  (1265, 47, 5, '1', '2026-02-20 02:54:56'),
  (1266, 47, 6, '1', '2026-02-20 02:54:56'),
  (1267, 47, 7, '1', '2026-02-20 02:54:56'),
  (1268, 47, 8, '1', '2026-02-20 02:54:56'),
  (1269, 47, 9, '1', '2026-02-20 02:54:56'),
  (1270, 47, 10, '1', '2026-02-20 02:54:56'),
  (1271, 48, 1, '1', '2026-02-20 02:54:56'),
  (1272, 48, 2, '1', '2026-02-20 02:54:56'),
  (1273, 48, 3, '1', '2026-02-20 02:54:56'),
  (1274, 48, 4, '1', '2026-02-20 02:54:56'),
  (1275, 48, 5, '1', '2026-02-20 02:54:56'),
  (1276, 48, 6, '1', '2026-02-20 02:54:57'),
  (1277, 48, 7, '1', '2026-02-20 02:54:57'),
  (1278, 48, 8, '1', '2026-02-20 02:54:57'),
  (1279, 48, 9, '1', '2026-02-20 02:54:57'),
  (1280, 48, 10, '1', '2026-02-20 02:54:57'),
  (1281, 95, 1, '1', '2026-02-20 02:54:57'),
  (1282, 95, 2, '1', '2026-02-20 02:54:57'),
  (1283, 95, 3, '1', '2026-02-20 02:54:57'),
  (1284, 95, 4, '1', '2026-02-20 02:54:57'),
  (1285, 95, 5, '1', '2026-02-20 02:54:57'),
  (1286, 95, 6, '1', '2026-02-20 02:54:57'),
  (1287, 95, 7, '1', '2026-02-20 02:54:57'),
  (1288, 95, 8, '1', '2026-02-20 02:54:57'),
  (1289, 95, 9, '1', '2026-02-20 02:54:57'),
  (1290, 95, 10, '1', '2026-02-20 02:54:57'),
  (1291, 96, 1, '1', '2026-02-20 02:54:57'),
  (1292, 96, 2, '1', '2026-02-20 02:54:57'),
  (1293, 96, 3, '1', '2026-02-20 02:54:57'),
  (1294, 96, 4, '1', '2026-02-20 02:54:57'),
  (1295, 96, 5, '1', '2026-02-20 02:54:57'),
  (1296, 96, 6, '1', '2026-02-20 02:54:57'),
  (1297, 96, 7, '1', '2026-02-20 02:54:57'),
  (1298, 96, 8, '1', '2026-02-20 02:54:57'),
  (1299, 96, 9, '1', '2026-02-20 02:54:57'),
  (1300, 96, 10, '1', '2026-02-20 02:54:57');
INSERT INTO classroom_equipment ([id], [classroom_id], [equipment_id], [value], [created_at]) VALUES
  (1301, 97, 1, '1', '2026-02-20 02:54:57'),
  (1302, 97, 2, '1', '2026-02-20 02:54:57'),
  (1303, 97, 3, '1', '2026-02-20 02:54:57'),
  (1304, 97, 4, '1', '2026-02-20 02:54:57'),
  (1305, 97, 5, '1', '2026-02-20 02:54:57'),
  (1306, 97, 6, '1', '2026-02-20 02:54:57'),
  (1307, 97, 7, '1', '2026-02-20 02:54:57'),
  (1308, 97, 8, '1', '2026-02-20 02:54:57'),
  (1309, 97, 9, '1', '2026-02-20 02:54:57'),
  (1310, 97, 10, '1', '2026-02-20 02:54:57'),
  (1311, 49, 1, '1', '2026-02-20 02:54:57'),
  (1312, 49, 2, '1', '2026-02-20 02:54:57'),
  (1313, 49, 3, '1', '2026-02-20 02:54:57'),
  (1314, 49, 4, '1', '2026-02-20 02:54:57'),
  (1315, 49, 5, '1', '2026-02-20 02:54:57'),
  (1316, 49, 6, '1', '2026-02-20 02:54:57'),
  (1317, 49, 7, '1', '2026-02-20 02:54:57'),
  (1318, 49, 8, '1', '2026-02-20 02:54:57'),
  (1319, 49, 9, '1', '2026-02-20 02:54:57'),
  (1320, 49, 10, '1', '2026-02-20 02:54:57'),
  (1321, 50, 1, '1', '2026-02-20 02:54:57'),
  (1322, 50, 2, '1', '2026-02-20 02:54:57'),
  (1323, 50, 3, '1', '2026-02-20 02:54:57'),
  (1324, 50, 4, '1', '2026-02-20 02:54:57'),
  (1325, 50, 5, '1', '2026-02-20 02:54:57'),
  (1326, 50, 6, '1', '2026-02-20 02:54:57'),
  (1327, 50, 7, '1', '2026-02-20 02:54:57'),
  (1328, 50, 8, '1', '2026-02-20 02:54:57'),
  (1329, 50, 9, '1', '2026-02-20 02:54:57'),
  (1330, 50, 10, '1', '2026-02-20 02:54:57'),
  (1331, 51, 1, '1', '2026-02-20 02:54:57'),
  (1332, 51, 2, '1', '2026-02-20 02:54:57'),
  (1333, 51, 3, '1', '2026-02-20 02:54:57'),
  (1334, 51, 4, '1', '2026-02-20 02:54:57'),
  (1335, 51, 5, '1', '2026-02-20 02:54:57'),
  (1336, 51, 6, '1', '2026-02-20 02:54:57'),
  (1337, 51, 7, '1', '2026-02-20 02:54:57'),
  (1338, 51, 8, '1', '2026-02-20 02:54:57'),
  (1339, 51, 9, '1', '2026-02-20 02:54:57'),
  (1340, 51, 10, '1', '2026-02-20 02:54:57'),
  (1341, 4, 1, '1', '2026-02-20 02:54:57'),
  (1342, 4, 2, '1', '2026-02-20 02:54:57'),
  (1343, 4, 3, '1', '2026-02-20 02:54:57'),
  (1344, 4, 4, '1', '2026-02-20 02:54:57'),
  (1345, 4, 5, '1', '2026-02-20 02:54:57'),
  (1346, 4, 6, '1', '2026-02-20 02:54:57'),
  (1347, 4, 7, '1', '2026-02-20 02:54:57'),
  (1348, 4, 8, '1', '2026-02-20 02:54:57'),
  (1349, 4, 9, '1', '2026-02-20 02:54:57'),
  (1350, 4, 10, '1', '2026-02-20 02:54:57'),
  (1351, 5, 1, '1', '2026-02-20 02:54:57'),
  (1352, 5, 2, '1', '2026-02-20 02:54:57'),
  (1353, 5, 3, '1', '2026-02-20 02:54:57'),
  (1354, 5, 4, '1', '2026-02-20 02:54:57'),
  (1355, 5, 5, '1', '2026-02-20 02:54:57'),
  (1356, 5, 6, '1', '2026-02-20 02:54:57'),
  (1357, 5, 7, '1', '2026-02-20 02:54:57'),
  (1358, 5, 8, '1', '2026-02-20 02:54:57'),
  (1359, 5, 9, '1', '2026-02-20 02:54:57'),
  (1360, 5, 10, '1', '2026-02-20 02:54:57'),
  (1361, 6, 1, '1', '2026-02-20 02:54:57'),
  (1362, 6, 2, '1', '2026-02-20 02:54:58'),
  (1363, 6, 3, '1', '2026-02-20 02:54:58'),
  (1364, 6, 4, '1', '2026-02-20 02:54:58'),
  (1365, 6, 5, '1', '2026-02-20 02:54:58'),
  (1366, 6, 6, '1', '2026-02-20 02:54:58'),
  (1367, 6, 7, '1', '2026-02-20 02:54:58'),
  (1368, 6, 8, '1', '2026-02-20 02:54:58'),
  (1369, 6, 9, '1', '2026-02-20 02:54:58'),
  (1370, 6, 10, '1', '2026-02-20 02:54:58'),
  (1371, 7, 1, '1', '2026-02-20 02:54:58'),
  (1372, 7, 2, '1', '2026-02-20 02:54:58'),
  (1373, 7, 3, '1', '2026-02-20 02:54:58'),
  (1374, 7, 4, '1', '2026-02-20 02:54:58'),
  (1375, 7, 5, '1', '2026-02-20 02:54:58'),
  (1376, 7, 6, '1', '2026-02-20 02:54:58'),
  (1377, 7, 7, '1', '2026-02-20 02:54:58'),
  (1378, 7, 8, '1', '2026-02-20 02:54:58'),
  (1379, 7, 9, '1', '2026-02-20 02:54:58'),
  (1380, 7, 10, '1', '2026-02-20 02:54:58'),
  (1381, 8, 1, '1', '2026-02-20 02:54:58'),
  (1382, 8, 2, '1', '2026-02-20 02:54:58'),
  (1383, 8, 3, '1', '2026-02-20 02:54:58'),
  (1384, 8, 4, '1', '2026-02-20 02:54:58'),
  (1385, 8, 5, '1', '2026-02-20 02:54:58'),
  (1386, 8, 6, '1', '2026-02-20 02:54:58'),
  (1387, 8, 7, '1', '2026-02-20 02:54:58'),
  (1388, 8, 8, '1', '2026-02-20 02:54:58'),
  (1389, 8, 9, '1', '2026-02-20 02:54:58'),
  (1390, 8, 10, '1', '2026-02-20 02:54:58'),
  (1391, 9, 1, '1', '2026-02-20 02:54:58'),
  (1392, 9, 2, '1', '2026-02-20 02:54:58'),
  (1393, 9, 3, '1', '2026-02-20 02:54:58'),
  (1394, 9, 4, '1', '2026-02-20 02:54:58'),
  (1395, 9, 5, '1', '2026-02-20 02:54:58'),
  (1396, 9, 6, '1', '2026-02-20 02:54:58'),
  (1397, 9, 7, '1', '2026-02-20 02:54:58'),
  (1398, 9, 8, '1', '2026-02-20 02:54:58'),
  (1399, 9, 9, '1', '2026-02-20 02:54:58'),
  (1400, 9, 10, '1', '2026-02-20 02:54:58');
INSERT INTO classroom_equipment ([id], [classroom_id], [equipment_id], [value], [created_at]) VALUES
  (1401, 10, 1, '1', '2026-02-20 02:54:58'),
  (1402, 10, 2, '1', '2026-02-20 02:54:58'),
  (1403, 10, 3, '1', '2026-02-20 02:54:58'),
  (1404, 10, 4, '1', '2026-02-20 02:54:58'),
  (1405, 10, 5, '1', '2026-02-20 02:54:58'),
  (1406, 10, 6, '1', '2026-02-20 02:54:58'),
  (1407, 10, 7, '1', '2026-02-20 02:54:58'),
  (1408, 10, 8, '1', '2026-02-20 02:54:58'),
  (1409, 10, 9, '1', '2026-02-20 02:54:58'),
  (1410, 10, 10, '1', '2026-02-20 02:54:58'),
  (1411, 11, 1, '1', '2026-02-20 02:54:58'),
  (1412, 11, 2, '1', '2026-02-20 02:54:58'),
  (1413, 11, 3, '1', '2026-02-20 02:54:58'),
  (1414, 11, 4, '1', '2026-02-20 02:54:58'),
  (1415, 11, 5, '1', '2026-02-20 02:54:58'),
  (1416, 11, 6, '1', '2026-02-20 02:54:58'),
  (1417, 11, 7, '1', '2026-02-20 02:54:58'),
  (1418, 11, 8, '1', '2026-02-20 02:54:58'),
  (1419, 11, 9, '1', '2026-02-20 02:54:58'),
  (1420, 11, 10, '1', '2026-02-20 02:54:58'),
  (1421, 12, 1, '1', '2026-02-20 02:54:58'),
  (1422, 12, 2, '1', '2026-02-20 02:54:58'),
  (1423, 12, 3, '1', '2026-02-20 02:54:58'),
  (1424, 12, 4, '1', '2026-02-20 02:54:58'),
  (1425, 12, 5, '1', '2026-02-20 02:54:58'),
  (1426, 12, 6, '1', '2026-02-20 02:54:58'),
  (1427, 12, 7, '1', '2026-02-20 02:54:58'),
  (1428, 12, 8, '1', '2026-02-20 02:54:58'),
  (1429, 12, 9, '1', '2026-02-20 02:54:58'),
  (1430, 12, 10, '1', '2026-02-20 02:54:58'),
  (1431, 13, 1, '1', '2026-02-20 02:54:58'),
  (1432, 13, 2, '1', '2026-02-20 02:54:58'),
  (1433, 13, 3, '1', '2026-02-20 02:54:58'),
  (1434, 13, 4, '1', '2026-02-20 02:54:58'),
  (1435, 13, 5, '1', '2026-02-20 02:54:58'),
  (1436, 13, 6, '1', '2026-02-20 02:54:58'),
  (1437, 13, 7, '1', '2026-02-20 02:54:58'),
  (1438, 13, 8, '1', '2026-02-20 02:54:58'),
  (1439, 13, 9, '1', '2026-02-20 02:54:58'),
  (1440, 13, 10, '1', '2026-02-20 02:54:58'),
  (1441, 14, 1, '1', '2026-02-20 02:54:58'),
  (1442, 14, 2, '1', '2026-02-20 02:54:58'),
  (1443, 14, 3, '1', '2026-02-20 02:54:58'),
  (1444, 14, 4, '1', '2026-02-20 02:54:58'),
  (1445, 14, 5, '1', '2026-02-20 02:54:58'),
  (1446, 14, 6, '1', '2026-02-20 02:54:58'),
  (1447, 14, 7, '1', '2026-02-20 02:54:58'),
  (1448, 14, 8, '1', '2026-02-20 02:54:58'),
  (1449, 14, 9, '1', '2026-02-20 02:54:58'),
  (1450, 14, 10, '1', '2026-02-20 02:54:58'),
  (1451, 15, 1, '1', '2026-02-20 02:54:58'),
  (1452, 15, 2, '1', '2026-02-20 02:54:58'),
  (1453, 15, 3, '1', '2026-02-20 02:54:58'),
  (1454, 15, 4, '1', '2026-02-20 02:54:59'),
  (1455, 15, 5, '1', '2026-02-20 02:54:59'),
  (1456, 15, 6, '1', '2026-02-20 02:54:59'),
  (1457, 15, 7, '1', '2026-02-20 02:54:59'),
  (1458, 15, 8, '1', '2026-02-20 02:54:59'),
  (1459, 15, 9, '1', '2026-02-20 02:54:59'),
  (1460, 15, 10, '1', '2026-02-20 02:54:59'),
  (1461, 16, 1, '1', '2026-02-20 02:54:59'),
  (1462, 16, 2, '1', '2026-02-20 02:54:59'),
  (1463, 16, 3, '1', '2026-02-20 02:54:59'),
  (1464, 16, 4, '1', '2026-02-20 02:54:59'),
  (1465, 16, 5, '1', '2026-02-20 02:54:59'),
  (1466, 16, 6, '1', '2026-02-20 02:54:59'),
  (1467, 16, 7, '1', '2026-02-20 02:54:59'),
  (1468, 16, 8, '1', '2026-02-20 02:54:59'),
  (1469, 16, 9, '1', '2026-02-20 02:54:59'),
  (1470, 16, 10, '1', '2026-02-20 02:54:59'),
  (1471, 17, 1, '1', '2026-02-20 02:54:59'),
  (1472, 17, 2, '1', '2026-02-20 02:54:59'),
  (1473, 17, 3, '1', '2026-02-20 02:54:59'),
  (1474, 17, 4, '1', '2026-02-20 02:54:59'),
  (1475, 17, 5, '1', '2026-02-20 02:54:59'),
  (1476, 17, 6, '1', '2026-02-20 02:54:59'),
  (1477, 17, 7, '1', '2026-02-20 02:54:59'),
  (1478, 17, 8, '1', '2026-02-20 02:54:59'),
  (1479, 17, 9, '1', '2026-02-20 02:54:59'),
  (1480, 17, 10, '1', '2026-02-20 02:54:59'),
  (1481, 18, 1, '1', '2026-02-20 02:54:59'),
  (1482, 18, 2, '1', '2026-02-20 02:54:59'),
  (1483, 18, 3, '1', '2026-02-20 02:54:59'),
  (1484, 18, 4, '1', '2026-02-20 02:54:59'),
  (1485, 18, 5, '1', '2026-02-20 02:54:59'),
  (1486, 18, 6, '1', '2026-02-20 02:54:59'),
  (1487, 18, 7, '1', '2026-02-20 02:54:59'),
  (1488, 18, 8, '1', '2026-02-20 02:54:59'),
  (1489, 18, 9, '1', '2026-02-20 02:54:59'),
  (1490, 18, 10, '1', '2026-02-20 02:54:59'),
  (1491, 19, 1, '1', '2026-02-20 02:54:59'),
  (1492, 19, 2, '1', '2026-02-20 02:54:59'),
  (1493, 19, 3, '1', '2026-02-20 02:54:59'),
  (1494, 19, 4, '1', '2026-02-20 02:54:59'),
  (1495, 19, 5, '1', '2026-02-20 02:54:59'),
  (1496, 19, 6, '1', '2026-02-20 02:54:59'),
  (1497, 19, 7, '1', '2026-02-20 02:54:59'),
  (1498, 19, 8, '1', '2026-02-20 02:54:59'),
  (1499, 19, 9, '1', '2026-02-20 02:54:59'),
  (1500, 19, 10, '1', '2026-02-20 02:54:59');
INSERT INTO classroom_equipment ([id], [classroom_id], [equipment_id], [value], [created_at]) VALUES
  (1501, 52, 1, '1', '2026-02-20 02:54:59'),
  (1502, 52, 2, '1', '2026-02-20 02:54:59'),
  (1503, 52, 3, '1', '2026-02-20 02:54:59'),
  (1504, 52, 4, '1', '2026-02-20 02:54:59'),
  (1505, 52, 5, '1', '2026-02-20 02:54:59'),
  (1506, 52, 6, '1', '2026-02-20 02:54:59'),
  (1507, 52, 7, '1', '2026-02-20 02:54:59'),
  (1508, 52, 8, '1', '2026-02-20 02:54:59'),
  (1509, 52, 9, '1', '2026-02-20 02:54:59'),
  (1510, 52, 10, '1', '2026-02-20 02:54:59'),
  (1511, 98, 1, '1', '2026-02-20 02:54:59'),
  (1512, 98, 2, '1', '2026-02-20 02:54:59'),
  (1513, 98, 3, '1', '2026-02-20 02:54:59'),
  (1514, 98, 4, '1', '2026-02-20 02:54:59'),
  (1515, 98, 5, '1', '2026-02-20 02:54:59'),
  (1516, 98, 6, '1', '2026-02-20 02:54:59'),
  (1517, 98, 7, '1', '2026-02-20 02:54:59'),
  (1518, 98, 8, '1', '2026-02-20 02:54:59'),
  (1519, 98, 9, '1', '2026-02-20 02:54:59'),
  (1520, 98, 10, '1', '2026-02-20 02:54:59'),
  (1521, 99, 1, '1', '2026-02-20 02:54:59'),
  (1522, 99, 2, '1', '2026-02-20 02:54:59'),
  (1523, 99, 3, '1', '2026-02-20 02:54:59'),
  (1524, 99, 4, '1', '2026-02-20 02:54:59'),
  (1525, 99, 5, '1', '2026-02-20 02:54:59'),
  (1526, 99, 6, '1', '2026-02-20 02:54:59'),
  (1527, 99, 7, '1', '2026-02-20 02:54:59'),
  (1528, 99, 8, '1', '2026-02-20 02:54:59'),
  (1529, 99, 9, '1', '2026-02-20 02:54:59'),
  (1530, 99, 10, '1', '2026-02-20 02:54:59'),
  (1531, 100, 1, '1', '2026-02-20 02:54:59'),
  (1532, 100, 2, '1', '2026-02-20 02:54:59'),
  (1533, 100, 3, '1', '2026-02-20 02:54:59'),
  (1534, 100, 4, '1', '2026-02-20 02:54:59'),
  (1535, 100, 5, '1', '2026-02-20 02:54:59'),
  (1536, 100, 6, '1', '2026-02-20 02:54:59'),
  (1537, 100, 7, '1', '2026-02-20 02:54:59'),
  (1538, 100, 8, '1', '2026-02-20 02:54:59'),
  (1539, 100, 9, '1', '2026-02-20 02:54:59'),
  (1540, 100, 10, '1', '2026-02-20 02:54:59'),
  (1541, 101, 1, '1', '2026-02-20 02:54:59'),
  (1542, 101, 2, '1', '2026-02-20 02:54:59'),
  (1543, 101, 3, '1', '2026-02-20 02:54:59'),
  (1544, 101, 4, '1', '2026-02-20 02:54:59'),
  (1545, 101, 5, '1', '2026-02-20 02:54:59'),
  (1546, 101, 6, '1', '2026-02-20 02:54:59'),
  (1547, 101, 7, '1', '2026-02-20 02:54:59'),
  (1548, 101, 8, '1', '2026-02-20 02:54:59'),
  (1549, 101, 9, '1', '2026-02-20 02:55:00'),
  (1550, 101, 10, '1', '2026-02-20 02:55:00'),
  (1551, 53, 1, '1', '2026-02-20 02:55:00'),
  (1552, 53, 2, '1', '2026-02-20 02:55:00'),
  (1553, 53, 3, '1', '2026-02-20 02:55:00'),
  (1554, 53, 4, '1', '2026-02-20 02:55:00'),
  (1555, 53, 5, '1', '2026-02-20 02:55:00'),
  (1556, 53, 6, '1', '2026-02-20 02:55:00'),
  (1557, 53, 7, '1', '2026-02-20 02:55:00'),
  (1558, 53, 8, '1', '2026-02-20 02:55:00'),
  (1559, 53, 9, '1', '2026-02-20 02:55:00'),
  (1560, 53, 10, '1', '2026-02-20 02:55:00'),
  (1561, 54, 1, '1', '2026-02-20 02:55:00'),
  (1562, 54, 2, '1', '2026-02-20 02:55:00'),
  (1563, 54, 3, '1', '2026-02-20 02:55:00'),
  (1564, 54, 4, '1', '2026-02-20 02:55:00'),
  (1565, 54, 5, '1', '2026-02-20 02:55:00'),
  (1566, 54, 6, '1', '2026-02-20 02:55:00'),
  (1567, 54, 7, '1', '2026-02-20 02:55:00'),
  (1568, 54, 8, '1', '2026-02-20 02:55:00'),
  (1569, 54, 9, '1', '2026-02-20 02:55:00'),
  (1570, 54, 10, '1', '2026-02-20 02:55:00'),
  (1571, 55, 1, '1', '2026-02-20 02:55:00'),
  (1572, 55, 2, '1', '2026-02-20 02:55:00'),
  (1573, 55, 3, '1', '2026-02-20 02:55:00'),
  (1574, 55, 4, '1', '2026-02-20 02:55:00'),
  (1575, 55, 5, '1', '2026-02-20 02:55:00'),
  (1576, 55, 6, '1', '2026-02-20 02:55:00'),
  (1577, 55, 7, '1', '2026-02-20 02:55:00'),
  (1578, 55, 8, '1', '2026-02-20 02:55:00'),
  (1579, 55, 9, '1', '2026-02-20 02:55:00'),
  (1580, 55, 10, '1', '2026-02-20 02:55:00'),
  (1581, 56, 1, '1', '2026-02-20 02:55:00'),
  (1582, 56, 2, '1', '2026-02-20 02:55:00'),
  (1583, 56, 3, '1', '2026-02-20 02:55:00'),
  (1584, 56, 4, '1', '2026-02-20 02:55:00'),
  (1585, 56, 5, '1', '2026-02-20 02:55:00'),
  (1586, 56, 6, '1', '2026-02-20 02:55:00'),
  (1587, 56, 7, '1', '2026-02-20 02:55:00'),
  (1588, 56, 8, '1', '2026-02-20 02:55:00'),
  (1589, 56, 9, '1', '2026-02-20 02:55:00'),
  (1590, 56, 10, '1', '2026-02-20 02:55:00'),
  (1591, 102, 1, '1', '2026-02-20 02:55:00'),
  (1592, 102, 2, '1', '2026-02-20 02:55:00'),
  (1593, 102, 3, '1', '2026-02-20 02:55:00'),
  (1594, 102, 4, '1', '2026-02-20 02:55:00'),
  (1595, 102, 5, '1', '2026-02-20 02:55:00'),
  (1596, 102, 6, '1', '2026-02-20 02:55:00'),
  (1597, 102, 7, '1', '2026-02-20 02:55:00'),
  (1598, 102, 8, '1', '2026-02-20 02:55:00'),
  (1599, 102, 9, '1', '2026-02-20 02:55:00'),
  (1600, 102, 10, '1', '2026-02-20 02:55:00');
INSERT INTO classroom_equipment ([id], [classroom_id], [equipment_id], [value], [created_at]) VALUES
  (1601, 87, 1, '1', '2026-02-20 02:55:00'),
  (1602, 87, 2, '1', '2026-02-20 02:55:00'),
  (1603, 87, 3, '1', '2026-02-20 02:55:00'),
  (1604, 87, 4, '1', '2026-02-20 02:55:00'),
  (1605, 87, 5, '1', '2026-02-20 02:55:00'),
  (1606, 87, 6, '1', '2026-02-20 02:55:00'),
  (1607, 87, 7, '1', '2026-02-20 02:55:00'),
  (1608, 87, 8, '1', '2026-02-20 02:55:00'),
  (1609, 87, 9, '1', '2026-02-20 02:55:00'),
  (1610, 87, 10, '1', '2026-02-20 02:55:00'),
  (1611, 88, 1, '1', '2026-02-20 02:55:00'),
  (1612, 88, 2, '1', '2026-02-20 02:55:00'),
  (1613, 88, 3, '1', '2026-02-20 02:55:00'),
  (1614, 88, 4, '1', '2026-02-20 02:55:00'),
  (1615, 88, 5, '1', '2026-02-20 02:55:00'),
  (1616, 88, 6, '1', '2026-02-20 02:55:00'),
  (1617, 88, 7, '1', '2026-02-20 02:55:00'),
  (1618, 88, 8, '1', '2026-02-20 02:55:00'),
  (1619, 88, 9, '1', '2026-02-20 02:55:00'),
  (1620, 88, 10, '1', '2026-02-20 02:55:00'),
  (1621, 57, 1, '1', '2026-02-20 02:55:00'),
  (1622, 57, 2, '1', '2026-02-20 02:55:00'),
  (1623, 57, 3, '1', '2026-02-20 02:55:00'),
  (1624, 57, 4, '1', '2026-02-20 02:55:00'),
  (1625, 57, 5, '1', '2026-02-20 02:55:00'),
  (1626, 57, 6, '1', '2026-02-20 02:55:00'),
  (1627, 57, 7, '1', '2026-02-20 02:55:00'),
  (1628, 57, 8, '1', '2026-02-20 02:55:00'),
  (1629, 57, 9, '1', '2026-02-20 02:55:01'),
  (1630, 57, 10, '1', '2026-02-20 02:55:01'),
  (1631, 58, 1, '1', '2026-02-20 02:55:01'),
  (1632, 58, 2, '1', '2026-02-20 02:55:01'),
  (1633, 58, 3, '1', '2026-02-20 02:55:01'),
  (1634, 58, 4, '1', '2026-02-20 02:55:01'),
  (1635, 58, 5, '1', '2026-02-20 02:55:01'),
  (1636, 58, 6, '1', '2026-02-20 02:55:01'),
  (1637, 58, 7, '1', '2026-02-20 02:55:01'),
  (1638, 58, 8, '1', '2026-02-20 02:55:01'),
  (1639, 58, 9, '1', '2026-02-20 02:55:01'),
  (1640, 58, 10, '1', '2026-02-20 02:55:01'),
  (1641, 59, 1, '1', '2026-02-20 02:55:01'),
  (1642, 59, 2, '1', '2026-02-20 02:55:01'),
  (1643, 59, 3, '1', '2026-02-20 02:55:01'),
  (1644, 59, 4, '1', '2026-02-20 02:55:01'),
  (1645, 59, 5, '1', '2026-02-20 02:55:01'),
  (1646, 59, 6, '1', '2026-02-20 02:55:01'),
  (1647, 59, 7, '1', '2026-02-20 02:55:01'),
  (1648, 59, 8, '1', '2026-02-20 02:55:01'),
  (1649, 59, 9, '1', '2026-02-20 02:55:01'),
  (1650, 59, 10, '1', '2026-02-20 02:55:01'),
  (1651, 60, 1, '1', '2026-02-20 02:55:01'),
  (1652, 60, 2, '1', '2026-02-20 02:55:01'),
  (1653, 60, 3, '1', '2026-02-20 02:55:01'),
  (1654, 60, 4, '1', '2026-02-20 02:55:01'),
  (1655, 60, 5, '1', '2026-02-20 02:55:01'),
  (1656, 60, 6, '1', '2026-02-20 02:55:01'),
  (1657, 60, 7, '1', '2026-02-20 02:55:01'),
  (1658, 60, 8, '1', '2026-02-20 02:55:01'),
  (1659, 60, 9, '1', '2026-02-20 02:55:01'),
  (1660, 60, 10, '1', '2026-02-20 02:55:01'),
  (1661, 61, 1, '1', '2026-02-20 02:55:01'),
  (1662, 61, 2, '1', '2026-02-20 02:55:01'),
  (1663, 61, 3, '1', '2026-02-20 02:55:01'),
  (1664, 61, 4, '1', '2026-02-20 02:55:01'),
  (1665, 61, 5, '1', '2026-02-20 02:55:01'),
  (1666, 61, 6, '1', '2026-02-20 02:55:01'),
  (1667, 61, 7, '1', '2026-02-20 02:55:01'),
  (1668, 61, 8, '1', '2026-02-20 02:55:01'),
  (1669, 61, 9, '1', '2026-02-20 02:55:01'),
  (1670, 61, 10, '1', '2026-02-20 02:55:01'),
  (1671, 62, 1, '1', '2026-02-20 02:55:01'),
  (1672, 62, 2, '1', '2026-02-20 02:55:01'),
  (1673, 62, 3, '1', '2026-02-20 02:55:01'),
  (1674, 62, 4, '1', '2026-02-20 02:55:01'),
  (1675, 62, 5, '1', '2026-02-20 02:55:01'),
  (1676, 62, 6, '1', '2026-02-20 02:55:01'),
  (1677, 62, 7, '1', '2026-02-20 02:55:01'),
  (1678, 62, 8, '1', '2026-02-20 02:55:01'),
  (1679, 62, 9, '1', '2026-02-20 02:55:01'),
  (1680, 62, 10, '1', '2026-02-20 02:55:01'),
  (1681, 89, 1, '1', '2026-02-20 02:55:01'),
  (1682, 89, 2, '1', '2026-02-20 02:55:01'),
  (1683, 89, 3, '1', '2026-02-20 02:55:01'),
  (1684, 89, 4, '1', '2026-02-20 02:55:01'),
  (1685, 89, 5, '1', '2026-02-20 02:55:01'),
  (1686, 89, 6, '1', '2026-02-20 02:55:01'),
  (1687, 89, 7, '1', '2026-02-20 02:55:01'),
  (1688, 89, 8, '1', '2026-02-20 02:55:01'),
  (1689, 89, 9, '1', '2026-02-20 02:55:01'),
  (1690, 89, 10, '1', '2026-02-20 02:55:01'),
  (1691, 20, 1, '1', '2026-02-20 02:55:01'),
  (1692, 20, 2, '1', '2026-02-20 02:55:01'),
  (1693, 20, 3, '1', '2026-02-20 02:55:01'),
  (1694, 20, 4, '1', '2026-02-20 02:55:01'),
  (1695, 20, 5, '1', '2026-02-20 02:55:01'),
  (1696, 20, 6, '1', '2026-02-20 02:55:01'),
  (1697, 20, 7, '1', '2026-02-20 02:55:01'),
  (1698, 20, 8, '1', '2026-02-20 02:55:01'),
  (1699, 20, 9, '1', '2026-02-20 02:55:01'),
  (1700, 20, 10, '1', '2026-02-20 02:55:01');
INSERT INTO classroom_equipment ([id], [classroom_id], [equipment_id], [value], [created_at]) VALUES
  (1701, 21, 1, '1', '2026-02-20 02:55:01'),
  (1702, 21, 2, '1', '2026-02-20 02:55:01'),
  (1703, 21, 3, '1', '2026-02-20 02:55:01'),
  (1704, 21, 4, '1', '2026-02-20 02:55:01'),
  (1705, 21, 5, '1', '2026-02-20 02:55:01'),
  (1706, 21, 6, '1', '2026-02-20 02:55:01'),
  (1707, 21, 7, '1', '2026-02-20 02:55:01'),
  (1708, 21, 8, '1', '2026-02-20 02:55:01'),
  (1709, 21, 9, '1', '2026-02-20 02:55:01'),
  (1710, 21, 10, '1', '2026-02-20 02:55:01'),
  (1711, 22, 1, '1', '2026-02-20 02:55:01'),
  (1712, 22, 2, '1', '2026-02-20 02:55:01'),
  (1713, 22, 3, '1', '2026-02-20 02:55:01'),
  (1714, 22, 4, '1', '2026-02-20 02:55:01'),
  (1715, 22, 5, '1', '2026-02-20 02:55:01'),
  (1716, 22, 6, '1', '2026-02-20 02:55:01'),
  (1717, 22, 7, '1', '2026-02-20 02:55:01'),
  (1718, 22, 8, '1', '2026-02-20 02:55:01'),
  (1719, 22, 9, '1', '2026-02-20 02:55:01'),
  (1720, 22, 10, '1', '2026-02-20 02:55:02'),
  (1721, 23, 1, '1', '2026-02-20 02:55:02'),
  (1722, 23, 2, '1', '2026-02-20 02:55:02'),
  (1723, 23, 3, '1', '2026-02-20 02:55:02'),
  (1724, 23, 4, '1', '2026-02-20 02:55:02'),
  (1725, 23, 5, '1', '2026-02-20 02:55:02'),
  (1726, 23, 6, '1', '2026-02-20 02:55:02'),
  (1727, 23, 7, '1', '2026-02-20 02:55:02'),
  (1728, 23, 8, '1', '2026-02-20 02:55:02'),
  (1729, 23, 9, '1', '2026-02-20 02:55:02'),
  (1730, 23, 10, '1', '2026-02-20 02:55:02'),
  (1731, 24, 1, '1', '2026-02-20 02:55:02'),
  (1732, 24, 2, '1', '2026-02-20 02:55:02'),
  (1733, 24, 3, '1', '2026-02-20 02:55:02'),
  (1734, 24, 4, '1', '2026-02-20 02:55:02'),
  (1735, 24, 5, '1', '2026-02-20 02:55:02'),
  (1736, 24, 6, '1', '2026-02-20 02:55:02'),
  (1737, 24, 7, '1', '2026-02-20 02:55:02'),
  (1738, 24, 8, '1', '2026-02-20 02:55:02'),
  (1739, 24, 9, '1', '2026-02-20 02:55:02'),
  (1740, 24, 10, '1', '2026-02-20 02:55:02'),
  (1741, 25, 1, '1', '2026-02-20 02:55:02'),
  (1742, 25, 2, '1', '2026-02-20 02:55:02'),
  (1743, 25, 3, '1', '2026-02-20 02:55:02'),
  (1744, 25, 4, '1', '2026-02-20 02:55:02'),
  (1745, 25, 5, '1', '2026-02-20 02:55:02'),
  (1746, 25, 6, '1', '2026-02-20 02:55:02'),
  (1747, 25, 7, '1', '2026-02-20 02:55:02'),
  (1748, 25, 8, '1', '2026-02-20 02:55:02'),
  (1749, 25, 9, '1', '2026-02-20 02:55:02'),
  (1750, 25, 10, '1', '2026-02-20 02:55:02'),
  (1751, 26, 1, '1', '2026-02-20 02:55:02'),
  (1752, 26, 2, '1', '2026-02-20 02:55:02'),
  (1753, 26, 3, '1', '2026-02-20 02:55:02'),
  (1754, 26, 4, '1', '2026-02-20 02:55:02'),
  (1755, 26, 5, '1', '2026-02-20 02:55:02'),
  (1756, 26, 6, '1', '2026-02-20 02:55:02'),
  (1757, 26, 7, '1', '2026-02-20 02:55:02'),
  (1758, 26, 8, '1', '2026-02-20 02:55:02'),
  (1759, 26, 9, '1', '2026-02-20 02:55:02'),
  (1760, 26, 10, '1', '2026-02-20 02:55:02'),
  (1761, 27, 1, '1', '2026-02-20 02:55:02'),
  (1762, 27, 2, '1', '2026-02-20 02:55:02'),
  (1763, 27, 3, '1', '2026-02-20 02:55:02'),
  (1764, 27, 4, '1', '2026-02-20 02:55:02'),
  (1765, 27, 5, '1', '2026-02-20 02:55:02'),
  (1766, 27, 6, '1', '2026-02-20 02:55:02'),
  (1767, 27, 7, '1', '2026-02-20 02:55:02'),
  (1768, 27, 8, '1', '2026-02-20 02:55:02'),
  (1769, 27, 9, '1', '2026-02-20 02:55:02'),
  (1770, 27, 10, '1', '2026-02-20 02:55:02'),
  (1771, 28, 1, '1', '2026-02-20 02:55:02'),
  (1772, 28, 2, '1', '2026-02-20 02:55:02'),
  (1773, 28, 3, '1', '2026-02-20 02:55:02'),
  (1774, 28, 4, '1', '2026-02-20 02:55:02'),
  (1775, 28, 5, '1', '2026-02-20 02:55:02'),
  (1776, 28, 6, '1', '2026-02-20 02:55:02'),
  (1777, 28, 7, '1', '2026-02-20 02:55:02'),
  (1778, 28, 8, '1', '2026-02-20 02:55:02'),
  (1779, 28, 9, '1', '2026-02-20 02:55:02'),
  (1780, 28, 10, '1', '2026-02-20 02:55:02'),
  (1781, 29, 1, '1', '2026-02-20 02:55:02'),
  (1782, 29, 2, '1', '2026-02-20 02:55:02'),
  (1783, 29, 3, '1', '2026-02-20 02:55:02'),
  (1784, 29, 4, '1', '2026-02-20 02:55:02'),
  (1785, 29, 5, '1', '2026-02-20 02:55:02'),
  (1786, 29, 6, '1', '2026-02-20 02:55:02'),
  (1787, 29, 7, '1', '2026-02-20 02:55:02'),
  (1788, 29, 8, '1', '2026-02-20 02:55:02'),
  (1789, 29, 9, '1', '2026-02-20 02:55:02'),
  (1790, 29, 10, '1', '2026-02-20 02:55:02'),
  (1791, 30, 1, '1', '2026-02-20 02:55:02'),
  (1792, 30, 2, '1', '2026-02-20 02:55:02'),
  (1793, 30, 3, '1', '2026-02-20 02:55:02'),
  (1794, 30, 4, '1', '2026-02-20 02:55:02'),
  (1795, 30, 5, '1', '2026-02-20 02:55:02'),
  (1796, 30, 6, '1', '2026-02-20 02:55:02'),
  (1797, 30, 7, '1', '2026-02-20 02:55:02'),
  (1798, 30, 8, '1', '2026-02-20 02:55:02'),
  (1799, 30, 9, '1', '2026-02-20 02:55:02'),
  (1800, 30, 10, '1', '2026-02-20 02:55:02');
INSERT INTO classroom_equipment ([id], [classroom_id], [equipment_id], [value], [created_at]) VALUES
  (1801, 31, 1, '1', '2026-02-20 02:55:02'),
  (1802, 31, 2, '1', '2026-02-20 02:55:02'),
  (1803, 31, 3, '1', '2026-02-20 02:55:02'),
  (1804, 31, 4, '1', '2026-02-20 02:55:02'),
  (1805, 31, 5, '1', '2026-02-20 02:55:02'),
  (1806, 31, 6, '1', '2026-02-20 02:55:02'),
  (1807, 31, 7, '1', '2026-02-20 02:55:02'),
  (1808, 31, 8, '1', '2026-02-20 02:55:02'),
  (1809, 31, 9, '1', '2026-02-20 02:55:02'),
  (1810, 31, 10, '1', '2026-02-20 02:55:03'),
  (1811, 81, 1, '1', '2026-02-20 02:55:03'),
  (1812, 81, 2, '1', '2026-02-20 02:55:03'),
  (1813, 81, 3, '1', '2026-02-20 02:55:03'),
  (1814, 81, 4, '1', '2026-02-20 02:55:03'),
  (1815, 81, 5, '1', '2026-02-20 02:55:03'),
  (1816, 81, 6, '1', '2026-02-20 02:55:03'),
  (1817, 81, 7, '1', '2026-02-20 02:55:03'),
  (1818, 81, 8, '1', '2026-02-20 02:55:03'),
  (1819, 81, 9, '1', '2026-02-20 02:55:03'),
  (1820, 81, 10, '1', '2026-02-20 02:55:03'),
  (1821, 82, 1, '1', '2026-02-20 02:55:03'),
  (1822, 82, 2, '1', '2026-02-20 02:55:03'),
  (1823, 82, 3, '1', '2026-02-20 02:55:03'),
  (1824, 82, 4, '1', '2026-02-20 02:55:03'),
  (1825, 82, 5, '1', '2026-02-20 02:55:03'),
  (1826, 82, 6, '1', '2026-02-20 02:55:03'),
  (1827, 82, 7, '1', '2026-02-20 02:55:03'),
  (1828, 82, 8, '1', '2026-02-20 02:55:03'),
  (1829, 82, 9, '1', '2026-02-20 02:55:03'),
  (1830, 82, 10, '1', '2026-02-20 02:55:03'),
  (1831, 63, 1, '1', '2026-02-20 02:55:03'),
  (1832, 63, 2, '1', '2026-02-20 02:55:03'),
  (1833, 63, 3, '1', '2026-02-20 02:55:03'),
  (1834, 63, 4, '1', '2026-02-20 02:55:03'),
  (1835, 63, 5, '1', '2026-02-20 02:55:03'),
  (1836, 63, 6, '1', '2026-02-20 02:55:03'),
  (1837, 63, 7, '1', '2026-02-20 02:55:03'),
  (1838, 63, 8, '1', '2026-02-20 02:55:03'),
  (1839, 63, 9, '1', '2026-02-20 02:55:03'),
  (1840, 63, 10, '1', '2026-02-20 02:55:03'),
  (1841, 32, 1, '1', '2026-02-20 02:55:03'),
  (1842, 32, 2, '1', '2026-02-20 02:55:03'),
  (1843, 32, 3, '1', '2026-02-20 02:55:03'),
  (1844, 32, 4, '1', '2026-02-20 02:55:03'),
  (1845, 32, 5, '1', '2026-02-20 02:55:03'),
  (1846, 32, 6, '1', '2026-02-20 02:55:03'),
  (1847, 32, 7, '1', '2026-02-20 02:55:03'),
  (1848, 32, 8, '1', '2026-02-20 02:55:03'),
  (1849, 32, 9, '1', '2026-02-20 02:55:03'),
  (1850, 32, 10, '1', '2026-02-20 02:55:03'),
  (1851, 83, 1, '1', '2026-02-20 02:55:03'),
  (1852, 83, 2, '1', '2026-02-20 02:55:03'),
  (1853, 83, 3, '1', '2026-02-20 02:55:03'),
  (1854, 83, 4, '1', '2026-02-20 02:55:03'),
  (1855, 83, 5, '1', '2026-02-20 02:55:03'),
  (1856, 83, 6, '1', '2026-02-20 02:55:03'),
  (1857, 83, 7, '1', '2026-02-20 02:55:03'),
  (1858, 83, 8, '1', '2026-02-20 02:55:03'),
  (1859, 83, 9, '1', '2026-02-20 02:55:03'),
  (1860, 83, 10, '1', '2026-02-20 02:55:03'),
  (1861, 103, 1, '1', '2026-02-20 02:55:03'),
  (1862, 103, 2, '1', '2026-02-20 02:55:03'),
  (1863, 103, 3, '1', '2026-02-20 02:55:03'),
  (1864, 103, 4, '1', '2026-02-20 02:55:03'),
  (1865, 103, 5, '1', '2026-02-20 02:55:03'),
  (1866, 103, 6, '1', '2026-02-20 02:55:03'),
  (1867, 103, 7, '1', '2026-02-20 02:55:03'),
  (1868, 103, 8, '1', '2026-02-20 02:55:03'),
  (1869, 103, 9, '1', '2026-02-20 02:55:03'),
  (1870, 103, 10, '1', '2026-02-20 02:55:03'),
  (1871, 104, 1, '1', '2026-02-20 02:55:03'),
  (1872, 104, 2, '1', '2026-02-20 02:55:03'),
  (1873, 104, 3, '1', '2026-02-20 02:55:03'),
  (1874, 104, 4, '1', '2026-02-20 02:55:03'),
  (1875, 104, 5, '1', '2026-02-20 02:55:03'),
  (1876, 104, 6, '1', '2026-02-20 02:55:03'),
  (1877, 104, 7, '1', '2026-02-20 02:55:03'),
  (1878, 104, 8, '1', '2026-02-20 02:55:03'),
  (1879, 104, 9, '1', '2026-02-20 02:55:03'),
  (1880, 104, 10, '1', '2026-02-20 02:55:03'),
  (1881, 105, 1, '1', '2026-02-20 02:55:03'),
  (1882, 105, 2, '1', '2026-02-20 02:55:03'),
  (1883, 105, 3, '1', '2026-02-20 02:55:03'),
  (1884, 105, 4, '1', '2026-02-20 02:55:03'),
  (1885, 105, 5, '1', '2026-02-20 02:55:03'),
  (1886, 105, 6, '1', '2026-02-20 02:55:03'),
  (1887, 105, 7, '1', '2026-02-20 02:55:03'),
  (1888, 105, 8, '1', '2026-02-20 02:55:03'),
  (1889, 105, 9, '1', '2026-02-20 02:55:03'),
  (1890, 105, 10, '1', '2026-02-20 02:55:03'),
  (1891, 90, 1, '1', '2026-02-20 02:55:03'),
  (1892, 90, 2, '1', '2026-02-20 02:55:03'),
  (1893, 90, 3, '1', '2026-02-20 02:55:03'),
  (1894, 90, 4, '1', '2026-02-20 02:55:03'),
  (1895, 90, 5, '1', '2026-02-20 02:55:03'),
  (1896, 90, 6, '1', '2026-02-20 02:55:03'),
  (1897, 90, 7, '1', '2026-02-20 02:55:03'),
  (1898, 90, 8, '1', '2026-02-20 02:55:03'),
  (1899, 90, 9, '1', '2026-02-20 02:55:03'),
  (1900, 90, 10, '1', '2026-02-20 02:55:03');
INSERT INTO classroom_equipment ([id], [classroom_id], [equipment_id], [value], [created_at]) VALUES
  (1901, 64, 1, '1', '2026-02-20 02:55:04'),
  (1902, 64, 2, '1', '2026-02-20 02:55:04'),
  (1903, 64, 3, '1', '2026-02-20 02:55:04'),
  (1904, 64, 4, '1', '2026-02-20 02:55:04'),
  (1905, 64, 5, '1', '2026-02-20 02:55:04'),
  (1906, 64, 6, '1', '2026-02-20 02:55:04'),
  (1907, 64, 7, '1', '2026-02-20 02:55:04'),
  (1908, 64, 8, '1', '2026-02-20 02:55:04'),
  (1909, 64, 9, '1', '2026-02-20 02:55:04'),
  (1910, 64, 10, '1', '2026-02-20 02:55:04'),
  (1911, 65, 1, '1', '2026-02-20 02:55:04'),
  (1912, 65, 2, '1', '2026-02-20 02:55:04'),
  (1913, 65, 3, '1', '2026-02-20 02:55:04'),
  (1914, 65, 4, '1', '2026-02-20 02:55:04'),
  (1915, 65, 5, '1', '2026-02-20 02:55:04'),
  (1916, 65, 6, '1', '2026-02-20 02:55:04'),
  (1917, 65, 7, '1', '2026-02-20 02:55:04'),
  (1918, 65, 8, '1', '2026-02-20 02:55:04'),
  (1919, 65, 9, '1', '2026-02-20 02:55:04'),
  (1920, 65, 10, '1', '2026-02-20 02:55:04'),
  (1921, 66, 1, '1', '2026-02-20 02:55:04'),
  (1922, 66, 2, '1', '2026-02-20 02:55:04'),
  (1923, 66, 3, '1', '2026-02-20 02:55:04'),
  (1924, 66, 4, '1', '2026-02-20 02:55:04'),
  (1925, 66, 5, '1', '2026-02-20 02:55:04'),
  (1926, 66, 6, '1', '2026-02-20 02:55:04'),
  (1927, 66, 7, '1', '2026-02-20 02:55:04'),
  (1928, 66, 8, '1', '2026-02-20 02:55:04'),
  (1929, 66, 9, '1', '2026-02-20 02:55:04'),
  (1930, 66, 10, '1', '2026-02-20 02:55:04'),
  (1931, 67, 1, '1', '2026-02-20 02:55:04'),
  (1932, 67, 2, '1', '2026-02-20 02:55:04'),
  (1933, 67, 3, '1', '2026-02-20 02:55:04'),
  (1934, 67, 4, '1', '2026-02-20 02:55:04'),
  (1935, 67, 5, '1', '2026-02-20 02:55:04'),
  (1936, 67, 6, '1', '2026-02-20 02:55:04'),
  (1937, 67, 7, '1', '2026-02-20 02:55:04'),
  (1938, 67, 8, '1', '2026-02-20 02:55:04'),
  (1939, 67, 9, '1', '2026-02-20 02:55:04'),
  (1940, 67, 10, '1', '2026-02-20 02:55:04'),
  (1941, 68, 1, '1', '2026-02-20 02:55:04'),
  (1942, 68, 2, '1', '2026-02-20 02:55:04'),
  (1943, 68, 3, '1', '2026-02-20 02:55:04'),
  (1944, 68, 4, '1', '2026-02-20 02:55:04'),
  (1945, 68, 5, '1', '2026-02-20 02:55:04'),
  (1946, 68, 6, '1', '2026-02-20 02:55:04'),
  (1947, 68, 7, '1', '2026-02-20 02:55:04'),
  (1948, 68, 8, '1', '2026-02-20 02:55:04'),
  (1949, 68, 9, '1', '2026-02-20 02:55:04'),
  (1950, 68, 10, '1', '2026-02-20 02:55:04'),
  (1951, 69, 1, '1', '2026-02-20 02:55:04'),
  (1952, 69, 2, '1', '2026-02-20 02:55:04'),
  (1953, 69, 3, '1', '2026-02-20 02:55:04'),
  (1954, 69, 4, '1', '2026-02-20 02:55:04'),
  (1955, 69, 5, '1', '2026-02-20 02:55:04'),
  (1956, 69, 6, '1', '2026-02-20 02:55:04'),
  (1957, 69, 7, '1', '2026-02-20 02:55:04'),
  (1958, 69, 8, '1', '2026-02-20 02:55:04'),
  (1959, 69, 9, '1', '2026-02-20 02:55:04'),
  (1960, 69, 10, '1', '2026-02-20 02:55:04'),
  (1961, 70, 1, '1', '2026-02-20 02:55:04'),
  (1962, 70, 2, '1', '2026-02-20 02:55:04'),
  (1963, 70, 3, '1', '2026-02-20 02:55:04'),
  (1964, 70, 4, '1', '2026-02-20 02:55:04'),
  (1965, 70, 5, '1', '2026-02-20 02:55:04'),
  (1966, 70, 6, '1', '2026-02-20 02:55:04'),
  (1967, 70, 7, '1', '2026-02-20 02:55:04'),
  (1968, 70, 8, '1', '2026-02-20 02:55:04'),
  (1969, 70, 9, '1', '2026-02-20 02:55:04'),
  (1970, 70, 10, '1', '2026-02-20 02:55:04'),
  (1971, 71, 1, '1', '2026-02-20 02:55:04'),
  (1972, 71, 2, '1', '2026-02-20 02:55:04'),
  (1973, 71, 3, '1', '2026-02-20 02:55:04'),
  (1974, 71, 4, '1', '2026-02-20 02:55:04'),
  (1975, 71, 5, '1', '2026-02-20 02:55:04'),
  (1976, 71, 6, '1', '2026-02-20 02:55:04'),
  (1977, 71, 7, '1', '2026-02-20 02:55:04'),
  (1978, 71, 8, '1', '2026-02-20 02:55:04'),
  (1979, 71, 9, '1', '2026-02-20 02:55:04'),
  (1980, 71, 10, '1', '2026-02-20 02:55:04'),
  (1981, 72, 1, '1', '2026-02-20 02:55:04'),
  (1982, 72, 2, '1', '2026-02-20 02:55:04'),
  (1983, 72, 3, '1', '2026-02-20 02:55:04'),
  (1984, 72, 4, '1', '2026-02-20 02:55:04'),
  (1985, 72, 5, '1', '2026-02-20 02:55:04'),
  (1986, 72, 6, '1', '2026-02-20 02:55:04'),
  (1987, 72, 7, '1', '2026-02-20 02:55:04'),
  (1988, 72, 8, '1', '2026-02-20 02:55:04'),
  (1989, 72, 9, '1', '2026-02-20 02:55:04'),
  (1990, 72, 10, '1', '2026-02-20 02:55:04'),
  (1991, 73, 1, '1', '2026-02-20 02:55:04'),
  (1992, 73, 2, '1', '2026-02-20 02:55:04'),
  (1993, 73, 3, '1', '2026-02-20 02:55:04'),
  (1994, 73, 4, '1', '2026-02-20 02:55:04'),
  (1995, 73, 5, '1', '2026-02-20 02:55:04'),
  (1996, 73, 6, '1', '2026-02-20 02:55:05'),
  (1997, 73, 7, '1', '2026-02-20 02:55:05'),
  (1998, 73, 8, '1', '2026-02-20 02:55:05'),
  (1999, 73, 9, '1', '2026-02-20 02:55:05'),
  (2000, 73, 10, '1', '2026-02-20 02:55:05');
INSERT INTO classroom_equipment ([id], [classroom_id], [equipment_id], [value], [created_at]) VALUES
  (2001, 74, 1, '1', '2026-02-20 02:55:05'),
  (2002, 74, 2, '1', '2026-02-20 02:55:05'),
  (2003, 74, 3, '1', '2026-02-20 02:55:05'),
  (2004, 74, 4, '1', '2026-02-20 02:55:05'),
  (2005, 74, 5, '1', '2026-02-20 02:55:05'),
  (2006, 74, 6, '1', '2026-02-20 02:55:05'),
  (2007, 74, 7, '1', '2026-02-20 02:55:05'),
  (2008, 74, 8, '1', '2026-02-20 02:55:05'),
  (2009, 74, 9, '1', '2026-02-20 02:55:05'),
  (2010, 74, 10, '1', '2026-02-20 02:55:05'),
  (2011, 91, 1, '1', '2026-02-20 02:55:05'),
  (2012, 91, 2, '1', '2026-02-20 02:55:05'),
  (2013, 91, 3, '1', '2026-02-20 02:55:05'),
  (2014, 91, 4, '1', '2026-02-20 02:55:05'),
  (2015, 91, 5, '1', '2026-02-20 02:55:05'),
  (2016, 91, 6, '1', '2026-02-20 02:55:05'),
  (2017, 91, 7, '1', '2026-02-20 02:55:05'),
  (2018, 91, 8, '1', '2026-02-20 02:55:05'),
  (2019, 91, 9, '1', '2026-02-20 02:55:05'),
  (2020, 91, 10, '1', '2026-02-20 02:55:05'),
  (2021, 92, 1, '1', '2026-02-20 02:55:05'),
  (2022, 92, 2, '1', '2026-02-20 02:55:05'),
  (2023, 92, 3, '1', '2026-02-20 02:55:05'),
  (2024, 92, 4, '1', '2026-02-20 02:55:05'),
  (2025, 92, 5, '1', '2026-02-20 02:55:05'),
  (2026, 92, 6, '1', '2026-02-20 02:55:05'),
  (2027, 92, 7, '1', '2026-02-20 02:55:05'),
  (2028, 92, 8, '1', '2026-02-20 02:55:05'),
  (2029, 92, 9, '1', '2026-02-20 02:55:05'),
  (2030, 92, 10, '1', '2026-02-20 02:55:05'),
  (2031, 75, 1, '1', '2026-02-20 02:55:05'),
  (2032, 75, 2, '1', '2026-02-20 02:55:05'),
  (2033, 75, 3, '1', '2026-02-20 02:55:05'),
  (2034, 75, 4, '1', '2026-02-20 02:55:05'),
  (2035, 75, 5, '1', '2026-02-20 02:55:05'),
  (2036, 75, 6, '1', '2026-02-20 02:55:05'),
  (2037, 75, 7, '1', '2026-02-20 02:55:05'),
  (2038, 75, 8, '1', '2026-02-20 02:55:05'),
  (2039, 75, 9, '1', '2026-02-20 02:55:05'),
  (2040, 75, 10, '1', '2026-02-20 02:55:05'),
  (2041, 93, 1, '1', '2026-02-20 02:55:05'),
  (2042, 93, 2, '1', '2026-02-20 02:55:05'),
  (2043, 93, 3, '1', '2026-02-20 02:55:05'),
  (2044, 93, 4, '1', '2026-02-20 02:55:05'),
  (2045, 93, 5, '1', '2026-02-20 02:55:05'),
  (2046, 93, 6, '1', '2026-02-20 02:55:05'),
  (2047, 93, 7, '1', '2026-02-20 02:55:05'),
  (2048, 93, 8, '1', '2026-02-20 02:55:05'),
  (2049, 93, 9, '1', '2026-02-20 02:55:05'),
  (2050, 93, 10, '1', '2026-02-20 02:55:05'),
  (2051, 76, 1, '1', '2026-02-20 02:55:05'),
  (2052, 76, 2, '1', '2026-02-20 02:55:05'),
  (2053, 76, 3, '1', '2026-02-20 02:55:05'),
  (2054, 76, 4, '1', '2026-02-20 02:55:05'),
  (2055, 76, 5, '1', '2026-02-20 02:55:05'),
  (2056, 76, 6, '1', '2026-02-20 02:55:05'),
  (2057, 76, 7, '1', '2026-02-20 02:55:05'),
  (2058, 76, 8, '1', '2026-02-20 02:55:05'),
  (2059, 76, 9, '1', '2026-02-20 02:55:05'),
  (2060, 76, 10, '1', '2026-02-20 02:55:05'),
  (2061, 77, 1, '1', '2026-02-20 02:55:05'),
  (2062, 77, 2, '1', '2026-02-20 02:55:05'),
  (2063, 77, 3, '1', '2026-02-20 02:55:05'),
  (2064, 77, 4, '1', '2026-02-20 02:55:05'),
  (2065, 77, 5, '1', '2026-02-20 02:55:05'),
  (2066, 77, 6, '1', '2026-02-20 02:55:05'),
  (2067, 77, 7, '1', '2026-02-20 02:55:05'),
  (2068, 77, 8, '1', '2026-02-20 02:55:05'),
  (2069, 77, 9, '1', '2026-02-20 02:55:05'),
  (2070, 77, 10, '1', '2026-02-20 02:55:05'),
  (2071, 78, 1, '1', '2026-02-20 02:55:05'),
  (2072, 78, 2, '1', '2026-02-20 02:55:05'),
  (2073, 78, 3, '1', '2026-02-20 02:55:05'),
  (2074, 78, 4, '1', '2026-02-20 02:55:05'),
  (2075, 78, 5, '1', '2026-02-20 02:55:05'),
  (2076, 78, 6, '1', '2026-02-20 02:55:05'),
  (2077, 78, 7, '1', '2026-02-20 02:55:05'),
  (2078, 78, 8, '1', '2026-02-20 02:55:05'),
  (2079, 78, 9, '1', '2026-02-20 02:55:05'),
  (2080, 78, 10, '1', '2026-02-20 02:55:05'),
  (2081, 79, 1, '1', '2026-02-20 02:55:05'),
  (2082, 79, 2, '1', '2026-02-20 02:55:05'),
  (2083, 79, 3, '1', '2026-02-20 02:55:05'),
  (2084, 79, 4, '1', '2026-02-20 02:55:05'),
  (2085, 79, 5, '1', '2026-02-20 02:55:05'),
  (2086, 79, 6, '1', '2026-02-20 02:55:05'),
  (2087, 79, 7, '1', '2026-02-20 02:55:05'),
  (2088, 79, 8, '1', '2026-02-20 02:55:05'),
  (2089, 79, 9, '1', '2026-02-20 02:55:05'),
  (2090, 79, 10, '1', '2026-02-20 02:55:06'),
  (2091, 94, 1, '1', '2026-02-20 02:55:06'),
  (2092, 94, 2, '1', '2026-02-20 02:55:06'),
  (2093, 94, 3, '1', '2026-02-20 02:55:06'),
  (2094, 94, 4, '1', '2026-02-20 02:55:06'),
  (2095, 94, 5, '1', '2026-02-20 02:55:06'),
  (2096, 94, 6, '1', '2026-02-20 02:55:06'),
  (2097, 94, 7, '1', '2026-02-20 02:55:06'),
  (2098, 94, 8, '1', '2026-02-20 02:55:06'),
  (2099, 94, 9, '1', '2026-02-20 02:55:06'),
  (2100, 94, 10, '1', '2026-02-20 02:55:06');
INSERT INTO classroom_equipment ([id], [classroom_id], [equipment_id], [value], [created_at]) VALUES
  (2101, 84, 1, '1', '2026-02-20 02:55:06'),
  (2102, 84, 2, '1', '2026-02-20 02:55:06'),
  (2103, 84, 3, '1', '2026-02-20 02:55:06'),
  (2104, 84, 4, '1', '2026-02-20 02:55:06'),
  (2105, 84, 5, '1', '2026-02-20 02:55:06'),
  (2106, 84, 6, '1', '2026-02-20 02:55:06'),
  (2107, 84, 7, '1', '2026-02-20 02:55:06'),
  (2108, 84, 8, '1', '2026-02-20 02:55:06'),
  (2109, 84, 9, '1', '2026-02-20 02:55:06'),
  (2110, 84, 10, '1', '2026-02-20 02:55:06'),
  (2111, 80, 1, '1', '2026-02-20 02:55:06'),
  (2112, 80, 2, '1', '2026-02-20 02:55:06'),
  (2113, 80, 3, '1', '2026-02-20 02:55:06'),
  (2114, 80, 4, '1', '2026-02-20 02:55:06'),
  (2115, 80, 5, '1', '2026-02-20 02:55:06'),
  (2116, 80, 6, '1', '2026-02-20 02:55:06'),
  (2117, 80, 7, '1', '2026-02-20 02:55:06'),
  (2118, 80, 8, '1', '2026-02-20 02:55:06'),
  (2119, 80, 9, '1', '2026-02-20 02:55:06'),
  (2120, 80, 10, '1', '2026-02-20 02:55:06'),
  (2121, 85, 1, '1', '2026-02-20 02:55:06'),
  (2122, 85, 2, '1', '2026-02-20 02:55:06'),
  (2123, 85, 3, '1', '2026-02-20 02:55:06'),
  (2124, 85, 4, '1', '2026-02-20 02:55:06'),
  (2125, 85, 5, '1', '2026-02-20 02:55:06'),
  (2126, 85, 6, '1', '2026-02-20 02:55:06'),
  (2127, 85, 7, '1', '2026-02-20 02:55:06'),
  (2128, 85, 8, '1', '2026-02-20 02:55:06'),
  (2129, 85, 9, '1', '2026-02-20 02:55:06'),
  (2130, 85, 10, '1', '2026-02-20 02:55:06'),
  (2131, 86, 1, '1', '2026-02-20 02:55:06'),
  (2132, 86, 2, '1', '2026-02-20 02:55:06'),
  (2133, 86, 3, '1', '2026-02-20 02:55:06'),
  (2134, 86, 4, '1', '2026-02-20 02:55:06'),
  (2135, 86, 5, '1', '2026-02-20 02:55:06'),
  (2136, 86, 6, '1', '2026-02-20 02:55:06'),
  (2137, 86, 7, '1', '2026-02-20 02:55:06'),
  (2138, 86, 8, '1', '2026-02-20 02:55:06'),
  (2139, 86, 9, '1', '2026-02-20 02:55:06'),
  (2140, 86, 10, '1', '2026-02-20 02:55:06');

-- Inserting 2 rows into bookings
INSERT INTO bookings ([id], [user_id], [classroom_id], [time_slot_id], [session_id], [booking_date], [teacher_name], [purpose], [status], [created_at], [updated_at]) VALUES
  (3, 9, 2, 1, NULL, '2026-02-16', 'Asyraaf', NULL, 'approved', '2026-02-16 03:15:32', '2026-02-16 03:15:32'),
  (4, 9, 3, 1, NULL, '2026-02-16', 'Asyraaf', 'Testing', 'approved', '2026-02-16 03:23:26', '2026-02-16 03:23:26');

-- Inserting 15 rows into holidays
INSERT INTO holidays ([id], [session_id], [holiday_name], [description], [date], [end_date], [year], [is_enabled], [created_at]) VALUES
  (1, NULL, 'Cuti Thaipusam', NULL, '2026-02-02', '2026-02-02', NULL, 1, '2026-02-16 07:37:30'),
  (2, NULL, 'Tahun Baru Cina', NULL, '2026-02-17', '2026-02-18', NULL, 1, '2026-02-16 08:08:17'),
  (3, NULL, 'Awal Ramadhan', NULL, '2026-02-19', NULL, NULL, 1, '2026-02-16 08:10:51'),
  (4, NULL, 'Cuti Keputeraan Sultan Johor', NULL, '2026-02-23', NULL, NULL, 1, '2026-02-16 08:11:26'),
  (5, NULL, 'Cuti Hari Raya', NULL, '2026-02-24', NULL, NULL, 1, '2026-02-16 08:11:43'),
  (6, NULL, 'Cuti Hari Raya', NULL, '2026-05-01', NULL, NULL, 1, '2026-02-16 08:12:37'),
  (7, NULL, 'Raya Haji', NULL, '2026-05-27', NULL, NULL, 1, '2026-02-16 08:12:54'),
  (8, NULL, 'Hari Keputeraan DYMM Agong', NULL, '2026-06-01', NULL, NULL, 1, '2026-02-16 08:13:20'),
  (9, NULL, 'Awal Muharam', NULL, '2026-06-17', NULL, NULL, 1, '2026-02-16 08:13:38'),
  (10, NULL, 'Hari Hol', NULL, '2026-07-21', NULL, NULL, 1, '2026-02-16 08:14:03'),
  (12, NULL, 'Maulidur Rasul', NULL, '2026-08-25', NULL, NULL, 1, '2026-02-16 08:15:26'),
  (13, NULL, 'Hari Kebangsaan 2026', NULL, '2026-08-31', NULL, NULL, 1, '2026-02-16 08:15:47'),
  (14, NULL, 'Hari Malaysia', NULL, '2026-09-16', NULL, NULL, 1, '2026-02-16 08:16:15'),
  (15, NULL, 'Deepavali', NULL, '2026-11-16', NULL, NULL, 1, '2026-02-16 08:16:37'),
  (16, NULL, 'Krismas', NULL, '2026-12-25', NULL, NULL, 1, '2026-02-16 08:16:56');


PRAGMA foreign_keys = ON;
